ST ATE ROUTE NO 216,FULTON,MD,,HOWARD
-9999,,,,
1359 SALEM AVENUE,HAGERSTOWN,MD,,WASHINGTON
613 CAROLYN ROAD,GLEN BURNIE,MD,,
1810 WINCHESTER STREET,BALTIMORE,MD,,
6413 KNOLBROOK DRIVE,HYATTSVILLE,MD,,PRINCE GEORGES
8 CURTIS LANE,ELKTON,MD,,CECIL
5905 ST CLAIR DRIVE,HILLCREST HEIGHTS,MD,,PRINCE GEORGE S
6520 20TH AVENUE,WEST HYATTSVILLE,MD,,PRINCE GEORGE
35 FIFTH STREET,CUMBERLAND,MD,,ALLEGANY
5015 BATTERY LINE,BETHESDA,MD,,
3603 FERNHILL AVENUE,BALTIMORE,MD,,
1220 - 58TH AVENUE,HILLSIDE,MD,,
SEVENTH STREET,OCEAN,MD,,WORCESTER
19 SOUTH BEAUMONT AVENUE,CATONSVILLE,MD,,BALTIMORE
1932 SARATOGA DRIVE,HYATTSVILLE,MD,,PRINCE GEORGES
5606 WOODCREST AVENUE,BALTIMORE,MD,,
3618 REISTERSTOWN ROAD,BALTIMORE,MD,,
"DETATCHMENT 2, USACA, ECRS, FR DETRICK",FREDERICK,MD,,FREDERICK
5615 SOUTHWICK STREET,BETHESDA,MD,,
302 S CAMP MEADE ROAD,LINTHICUM HEIGHTS,MD,,
9 LINDEN AVENUE,CAMBRIDGE,MD,,DORCHESTER
1912 N CHARLES STREET,BALTIMORE,MD,,
92 MT PLEASANT,FROSTBURG,MD,,ALLEGANY
-9999,SNOW HILL,MD,,WORCESTER
6639 POWHATAN STREET,RIVERDALE,MD,,PRINCE GEORGES
513 WALKER AVENUE,BALTIMORE,MD,,
217 HAY STREET,CUMBERLAND,MD,,ALLEGANY
120 SOUTH JANNEY STREET,BALTIMORE,MD,,
4109 ELBY STREET,WHEATON,MD,,
PO BOX 133,KINGSVILLE,MD,,BALTIMORE
7919 ATWOOD STREET,DISTRICT HEIGHTS,MD,,PRINCE GEORGES
2701 73D PLACE,KENT,MD,,
GLEN BROOK FARM,DERWOOD,MD,,MONTGOMERY
APT T1 5423 - 16TH AVENUE,HYATTSVILLE,MD,,PRINCE GEORGES
105 NORTH 11TH STREET,OCEAN,MD,,WORCESTER
SCHUSTER ROAD,JARRETTSVILLE,MD,,HARFORD
3319 CHAUNCY PLACE,MT RANIER,MD,,PRINCE GEORGES
800 NORTH WASHINGTON,ROCKVILLE,MD,,MONTGOMERY
2301 OXON RUN DRIVE,HILLCREST ESTATES,MD,,PRINCE GEORGES
109 GLENMORE AVENUE,BALTIMORE,MD,,BALTIMORE
1643 TIMBERLANE DRIVE,HAGERSTOWN,MD,,WASHINGTON
3513 DECATUR AVENUE,KENSINGTON,MD,,MONTGOMERY
ROUTE #1 BOX #13 PINE ROAD,ACCOKEEK,MD,,PRINCE GEORGES
5002 FREEPORT AVE SOUTHLAWN,OXON HILL,MD,,PRINCE GEORGES
6401 FALLKIRK ROAD,BALTIMORE,MD,,
414 CAMPER STREET,CAMBRIDGE,MD,,DORCHESTER
R F D #2 HINKLE ROAD,CUMBERLAND,MD,,ALLEGANY
208-61ST PLACE,CAPITOL HEIGHTS,MD,,PRINCE GEORGE S
310 NORTH PHILLIPS STREET,SEAFORD,DE,,SUSSEX
7956 EASTDALE ROAD,,MD,,BALTIMORE
ROUTE #1 BOX 265,NANJEMOY,MD,,CHARLES
3061 BERO ROAD,BALTIMORE,MD,,BALTIMORE
721 MCNEAL LANE,SILVER SPRING,MD,,MONTGOMERY
6520 C STREET,MARYLAND PARK,MD,,PRINCE GEORGE
5311 TAYLOR STREET,BLADENSBURG,MD,,PRINCE GEORGE
2706 EAST-WEST HIGHWAY,CHEVY CHASE,MD,,MONTGOMERY
108 JEFFREY STREET,BALTIMORE,MD,,
7503 CARROLL AVENUE,TAKOMA PARK,MD,,MONTGOMERY
-9999,GILMORE,MD,,ALLEGANY
400 REYNOLDS AVENUE,HAGERSTOWN,MD,,WASHINGTON
1721 EAST 33RD STREET,BALTIMORE,MD,,
345 BOYD AVENUE,TAKOMA PARK,MD,,MONTGOMERY
ISLANDER MOTEL,STEVENSVILLE,MD,,KENT
2013 AMHERST ROAD,HYATTSVILLE,MD,,PRINCE GEORGE
2941 LIBERTY PARKWAY,DUNDALK,MD,,BALTIMORE
5916 BERWYN ROAD,BERWYN HEIGHTS,MD,,PRINCE GEORGES
9442 BELAIR RD,BALTIMORE,MD,,BALTIMORE
9442 BELAIR RD ZONE 36,,MD,,BALTIMORE
7611 MAPLE AVENUE,TAKOMA PARK,MD,,PRINCE GEORGES
223 CONGRESSIONAL LANE,ROCKVILLE,MD,,
6201 NEW YORK PLACE APARTMENT #3,RIVERDALE,MD,,PRINCE GEORGES
1856 PENNSYLVANIA AVENUE,HAGERSTOWN,MD,,WASHINGTON
105 AVONDALE CIRCLE,SEVERNA PARK,MD,,ANNE ARUNDEL
5605 PULINGTON WAY,BALTIMORE,MD,,
923 WEST WASHINGTON STREET,,MD,,WASHINGTON
422 ARCH STREET,CUMBERLAND,MD,,ALLEGANY
5111 72ND PLACE,HYATTSVILLE,MD,,PRINCE GEORGES
5111 72ND PLACE,HYATTSVILLE,MD,,PRINCE GEORGE
315 MARYLAND AVE,CUMBERLAND,MD,,ALLEGANY
9607 W WOODBERRY ST,SEABROOK,MD,,PRINCE GEORGES
4004 W ROGERS AVE,BALTIMORE,MD,,
2304 GLENMONT CIRCLE,SILVER SPRING,MD,,MONTGOMERY
719 ALVIN AVENUE,SALISBURY,MD,,WICOMICO
4406-56TH AVENUE,BLADENSBURG,MD,,
2303 GAY STREET,HAGERSTOWN,MD,,WASHINGTON
315 MARVIN RD,SILVER SPRING,MD,,MONTGOMERY
218 CONGRESSIONAL LANE,ROCKVILLE,MD,,
QUANTICO ROAD,SALISBURY,MD,,
2106 HANNON STREET,LEWISDALE,MD,,
506 W MULBERRY,BALTIMORE,MD,,
ROUTE #3 OLD JOPPA ROAD,,MD,,HARFORD
12108 FOLEY STREET,SILVER SPRING,MD,,MONTGOMERY
543 FREDERICK STREET,HAGERSTOWN,MD,,WASHINGTON
4100 FERRARA DRIVE,SILVER SPRING,MD,,MONTGOMERY
ROUTE #4 BOX 455 E MOUNTAIN ROAD,PASADENA,MD,,ANNE ARUNDEL
41 WILLOW AVENUE,TOWSON,MD,,BALTIMORE
-9999,,,,
4501 DUNLAND ROAD,BALTIMORE,MD,,
21 BROADWAY STREET,HAGERSTOWN,MD,,WASHINGTON
ORMOND STREET EXTENDED,FROSTBURG,MD,,ALLEGANY
2401 LIGHTFOOT DRIVE,PIKESVILLE,MD,,BALTIMORE
5803 EAST PINE DRIVE,EAST RIVERDALE,MD,,PRINCE GEORGES
3915 GLEN AVENUE,BALTIMORE,MD,21215,
3915 GLEN AVENUE,BALTIMORE,MD,,
2516 CYLBURN AVENUE,BALTIMORE,MD,,
320 N HOWARD STREET,BALTIMORE,MD,,
254 HARUNDALE MALL,GLEN BURNIE,MD,,
7810 ALPINE ST SE,DISTRICT HEIGHTS,MD,,PRINCE GEORGES
3121 RAMBLE WOOD DRIVE,DISTRICT HEIGHTS,MD,,PRINCE GEORGES
SUEZ ROAD,ELVATON,MD,,ANNE ARUNDEL
6200 MOYER AVENUE,BALTIMORE,MD,,
814 KEVIN ROAD,BALTIMORE,MD,,
115 W MULBERRY STREET,BALTIMORE,MD,,
EDGEWOOD AND MCGUICKIAN STREET,ANNAPOLIS,MD,,
5805 15TH PLACE,HYATTSVILLE,MD,,PRINCE GEORGES
6 EAST GRANVILLE DRIVE,SILVER SPRING,MD,,
2710 CALVERT STREET,BALTIMORE,MD,,
6102 BRYNMAWR AVENUE,GLEN ECHO,MD,,MONTGOMERY
26 STRAUSS ST NAVAL PROPELLANT PLANT,INDIANHEAD,MD,,CHARLES
630 ELM STREET,CUMBERLAND,MD,,ALLEGANY
ROUTE 1 ELK NECK ROAD,ELKTON,MD,,CECIL
2205 REEDIE DRIVE,SILVER SPRING,MD,,MONTGOMERY
10404 GEORGIA AVENUE,SILVER SPRING,MD,,MONTGOMERY
1032 NORTH CALVERT STREET,BALTIMORE,MD,,BALTIMORE
420 NORTH SALISBURY BOULEVARD,SALISBURY,MD,,WICOMICO
1030 UNIVERSITY BOULEVARD EAST,SILVER SPRING,MD,,MONTGOMERY
3643 WASHINGTON BOULEVARD,ARBUTUS,MD,,BALTIMORE
3216 GEIGER AVENUE,KENSINGTON,MD,,MONTGOMERY
119 KING,HAGERSTOWN,MD,,WASHINGTON
3418 ROYCE AVENUE,BALTIMORE,MD,21215,ANNE ARUNDEL
11614 GILSAN STREET,SILVER SPRING,MD,,
803 BEAUMONT AVENUE,BALTIMORE,MD,,
1200 N COURT HOUSE ROAD,ARLINGTON,VA,,ARLINGTON
106 PATTERSON PARK AVENUE,BALTIMORE,MD,21231,
3709 EASTERN AVENUE (2ND FLOOR) (24),BALTIMORE,MD,,
12215 SELFRIDGE ROAD,SILVER SPRING,MD,,
731 D MEMQ,PATUXENT RIVER,MD,,ST MARY S
912 SOUTHERLY ROAD APT #4,TOWSON,MD,21204,BALTIMORE
5425 MAC BETH STREET,CHEVERLY,MD,,PRINCE GEORGE S
BOX 75,HYDE,MD,,HARFORD
4306 30TH STREET,MT RAINIER,MD,,PRINCE GEORGE S
5310 BRABANT ROAD,BALTIMORE,MD,,BALTIMORE
5245 PARK HEIGHTS AVENUE,BALTIMORE,MD,,
3421 TOLEDO TERRACE,HYATTSVILLE,MD,,PRINCE GEORGE S
224 HOLLINGSWORTH MANOR,ELKTON,MD,,CECIL
ROUTE #1,BOONSBORO,MD,,WASHINGTON
4011 INGRAHAM STREET,HYATTSVILLE,MD,,
532 SOUTH HAMPTON DRIVE,SILVER SPRING,MD,,MONTGOMERY
314 W CENTRAL AVE,FEDERALSBURG,MD,,CAROLINE
116 N  MAIN,FEDERALSBURG,MD,,CAROLINE
34 ENCHANTED HILLS ROAD,OWING MILLS,MD,21117,BALTIMORE
130 HURON DRIVE,FOREST HEIGHTS,MD,,PRINCE GEORGES
5614 ALICE AVENUE,OXON HILL,MD,,PRINCE GEORGES
500 PATAPSCO AVENUE,BALTIMORE,MD,21225,
ROUTE NO 9 BOX 442,PASADENA,MD,,
603 HAYES AVE,HAGERSTOWN,MD,,WASHINGTON
206 CATALFA AVENUE,PASADENA,MD,,ANNE ARUNDEL
6012 ALDERTON AVENUE,OXON HILL,MD,,PRINCE GEORGE
220 FOXHILL DRIVE,ELLICOTT,MD,,HOWARD
-9999,GAITHERSBURG,MD,,
115 ANDERSON COURT,LEXINGTON PARK,MD,,ST MARYS
308 NEVADA AVENUE,ODENTON,MD,,ANNE ARUNDEL
6316 INWOOD,CHEVERLY,MD,,PRINCE GEORGE S
2778-73RD PLACE,HYATTSVILLE,MD,,PRINCE GEORGE S
7 OLDHAM ROAD,SILVER SPRING,MD,,MONTGOMERY
139 PATUXENT MOBILE ESTATES,LOTHIAN,MD,,PRINCE GEORGES
1701 EUTAW PLACE,BALTIMORE,MD,,
11 NORTH MAIN STREET,TRAPPE,MD,,TALBOT
3518 SILVER PARK DRIVE APT #13,SUITLAND,MD,,PRINCE GEORGE S
393 D OLD STAGE ROAD,GLEN BURNIE,MD,,ANNE ARUNDEL
9 CAROLINE STREET,OCEAN,MD,,WORCESTER
5114-54TH AVENUE,HYATTSVILLE,MD,,PRINCE GEORGES
P O BOX 283 MOORE AVENUE,FRUITLAND,MD,,WICOMICO
4009 GALLATIN STREET,HYATTSVILLE,MD,,PRINCE GEORGES
200 FORT MEADE ROAD STEWART TOWER APARTMENTS APT 411,LAUREL,MD,,PRINCE GEORGES
ROUTE 2 BOX 300B,LAUREL,MD,,ANNE ARUNDEL
7423 CARROLL AVENUE,TAKOMA PARK,MD,,MONTGOMERY
20 MADISON AVENUE,HAGERSTOWN,MD,,WASHINGTON
8410 ALLENSWOOD ROAD,RANDALLSTOWN,MD,,BALTIMORE
6916 GEORGE PALMER HIGHWAY,SEAT PLEASANT,MD,,PRINCE GEORGES
11505 AMHERST AVENUE - APT 101,WHEATON,MD,,MONTGOMERY
3509 COPLEY ROAD,BALTIMORE,MD,,
15106 BLACKBURN ROAD,BURTONSVILLE,MD,,MONTGOMERY
5600 BENT BRANCH ROAD,BETHESDA,MD,,MONTGOMERY
1703 EAST-WEST HIGHWAY APARTMENT 420,,MD,,MONTGOMERY
1682 WINCHESTER ROAD,ANNAPOLIS,MD,,ANNE ARUNDEL
14100 GAINES AVENUE,ROCKVILLE,MD,,MONTGOMERY
5519 NICHOLSON STREET,EAST RIVERDALE,MD,,PRINCE GEORGES
5201 BYERS STREET,BRADBURY HEIGHTS,MD,,PRINCE GEORGES
271 HOLLINGSWORTH MANOR,ELKTON,MD,,CECIL
5817 OSCEOLA ROAD,BETHESDA,MD,,MONTGOMERY
118 SEYMOUR STREET,CUMBERLAND,MD,,ALLEGANY
9605 48TH PLACE,COLLEGE PARK,MD,,PRINCE GEORGES
1812 MYRTLE ROAD,SILVER SPRING,MD,,MONTGOMERY
APT 220 970 FAIRVIEW AVENUE,TAKOMA PARK,MD,,
1001 MACES LANE,CAMBRIDGE,MD,,DORCHESTER
7320-B LOBAUGH,FORT GEORGE G MEADE,MD,,ANNE ARUNDEL
13900 ZEIGLER WAY,SILVER SPRING,MD,,MONTGOMERY
5446 85TH AVENUE,LANHAM,MD,,PRINCE GEORGE S
1305 MADISON STREET,WEST HYATTSVILLE,MD,,PRINCE GEORGE S
CYANNA FARM CHAPMAN ROAD,KINGSVILLE,MD,,BALTIMORE
ROUTE 2 HOLIDAY ACRES,SMITHSBURG,MD,,WASHINGTON
4911 40TH PLACE,HYATTSVILLE,MD,,PRINCE GEORGE S
3829 DENFELD AVE,KENSINGTON,MD,,MONTGOMERY
219-B SOUTH HAMPTON DRIVE,SILVER SPRING,MD,,MONTGOMERY
3419 DODGE PARK ROAD,LANDOVER,MD,,PRINCE GEORGE S
225 HAMPTON STREET,GLASS MANOR,MD,,PRINCE GEORGE S
5932 OLD FREDERICK ROAD,BALTIMORE,MD,21228,BALTIMORE
1708 BRIGHTSEAT ROAD,LANDOVER,MD,,PRINCE GEORGE S
1523 DOXBURY ROAD,TOWSON,MD,21204,BALTIMORE
8601 GRAY FOX ROAD,RANDALLSTOWN,MD,21133,BALTIMORE
1368 OWEN BROWN ROAD,ELLICOTT,MD,,HOWARD
LANDON POINT,CRISFIELD,MD,,SOMERSET
4201 74TH AVENUE,LANDOVER HILLS,MD,,PRINCE GEORGE S
6205 FREDERICK ROAD,BALTIMORE,MD,,BALTIMORE
1368 OWEN BROWN ROAD,ELLICOTT,MD,21043,HOWARD
1905 BROOKS DRIVE APT 201,HILLSIDE,MD,,PRINCE GEORGE S
-9999,SOLOMONS,MD,,CALVERT
CEDAR LANE,GREENSBORO,MD,21639,CAROLINE
-9999,RIDGELY,MD,21660,CAROLINE
BURDETTE LANE,GERMANTOWN,MD,,MONTGOMERY
3403 PAULINE DRIVE,CHEVY CHASE,MD,20015,MONTGOMERY
BOS 58 ROUTE 10,PASADENA,MD,,ANNE ARUNDEL
1401 HAVEN ROAD,HAGERSTOWN,MD,,WASHINGTON
2016 DINEEN DRIVE,DUNDALK,MD,,BALTIMORE
10201 GROSVENOR PLACE,ROCKVILLE,MD,20852,MONTGOMERY
11507 AMHERST AVENUE,WHEATON,MD,,MONTGOMERY
12816 EVANSTON STREET,ROCKVILLE,MD,,MONTGOMERY
37 UNIONTOWN ROAD,WESTMINSTER,MD,,CARROLL
NAS NALCOLANT,PATUXENT RIVER,MD,,ST MARYS
-9999,DELMAR,MD,,WICOMICO
1403 MALVERN AVE,RUXTON,MD,,BALTIMORE
1719 PENOAK AVENUE,DUNDALK,MD,21222,BALTIMORE
5001 GREENBELT ROAD,GREENBELT,MD,,PRINCE GEORGES
5 MAPLE STREET PO BOX 63,TRAPPE,MD,,TALBOT
10107 MANNAKEE STREET,KENSINGTON,MD,,
9274 ADELPHI TERRACE,ADELPHI,MD,,PRINCE GEORGES
3106 PARKINGTON AVENUE,BALTIMORE,MD,21215,
422 GRAND AVENUE,CUMBERLAND,MD,,ALLEGANY
1631 MUSSULA ROAD,TOWSON,MD,,BALTIMORE
5522 KAREN ELAIN DRIVE,LANHAM,MD,,PRINCE GEORGES
2900 04 GREENMOUNT AVENUE,BALTIMORE,MD,21218,
903 WOODSON ROAD APARTMENT H,BALTIMORE,MD,21212,
4619 LEWIS AVENUE,SUITLAND,MD,,PRINCE GEORGES
20 MANCHESTER PLACE,SILVER SPRING,MD,,MONTGOMERY
102 CEDARMERE ROAD,OWING MILLS,MD,,BALTIMORE
151 LAKEWOOD STREET,SALISBURY,MD,,WICOMICO
109 NORTH STOKES STREET,HARVE DE GRACE,MD,,HARFORD
3633 OLD YORK ROAD,BALTIMORE,MD,21218,
RR 1 BOX 432,LEXINGTON PARK,MD,,ST MARYS
9505 49TH PLACE,COLLEGE PARK,MD,,PRINCE GEORGES
1105 HOLLEN ROAD,BALTIMORE,MD,,
3419 MAYFIELD,BALTIMORE,MD,21207,
414 SHIRLEY MANOR ROAD,REISTERSTOWN,MD,21136,BALTIMORE
5711 JAMESTOWN ROAD,HYATTSVILLE,MD,,PRINCE GEORGES
7609 FONTAINEBLEAU DRIVE,NEW CARROLLTON,MD,20784,PRINCE GEORGES
3803 CHATHAM ROAD,BALTIMORE,MD,,
6907 23RD AVENUE,HYATTSVILLE,MD,20783,
4909 BATTERY LANE,BETHESDA,MD,20014,MONTGOMERY
816 COLLEGE PARKWAY,ROCKVILLE,MD,20852,MONTGOMERY
915 N CALVERT ST,BALTIMORE,MD,21208,
3 HOLMHURST AVENUE,CATONSVILLE,MD,,BALTIMORE
2191 LINDEN LANE,BOWIE,MD,,PRINCE GEORGES
7679 WALTERS LANE APARTMENT 1,SUITLAND,MD,,PRINCE GEORGES
8201 16TH STREET,SILVER SPRING,MD,,MONTGOMERY
8510 16TH STREET,SILVER SPRING,MD,,MONTGOMERY
25 WILLIAMS STREET,ROCKVILLE,MD,,MONTGOMERY
4703 SAUL ROAD,KENSINGTON,MD,20902,MONTGOMERY
25B MONTROSE MANOR COURT,BALTIMORE,MD,21228,BALTIMORE
111 W CENTRE ST APT 501,BALTIMORE,MD,21201,
39 CENTRAL AVENUE,SYKESVILLE,MD,21784,CARROLL
7735 OLD GEORGETOWN ROAD,BETHESDA,MD,,MONTGOMERY
7306 81ST COURT,KENTLAND,MD,20785,PRINCE GEORGES
4519 SANDY SPRINGS ROAD,BURTONSVILLE,MD,20730,MONTGOMERY
500 VIRGINIA AVENUE,TOWSON,MD,21204,
1206 HARWOOD ROAD,BALTIMORE,MD,,
537 OAKLAND AVENUE,BALTIMORE,MD,,
-9999,HAGERSTOWN,MD,,WASHINGTON
1703 EAST-WEST HIGHWAY,SILVER SPRING,MD,,MONTGOMERY
3801 KENILWORTH AVENUE APT 305,BLADENSBURG,MD,,PRINCE GEORGES
6531 LANDOVER ROAD,CHEVERLY,MD,20902,PRINCE GEORGES
5915 FISHER ROAD,OXEN HILL,MD,20022,PRINCE GEORGES
534 BEACON ROAD,SILVER SPRING,MD,20910,MONTGOMERY
1535 WEST LEXINGTON STREET,BALTIMORE,MD,21223,
3205 TOLEDO PL,HYATTSVILLE,MD,20782,PRINCE GEORGES
631 NORTH HAMPTON DRIVE,SILVER SPRING,MD,20900,MONTGOMERY
2400 QUEENS CHAPEL ROAD - APT 718,HYATTSVILLE,MD,,PRINCE GEORGES
12904 MATAY ROAD,WHEATON,MD,,
RD # 2 OLD JESSUP ROAD,JESSUP,MD,,HOWARD
728 FAIRVIEW AVENUE,TAKOMA PARK,MD,20012,PRINCE GEORGES
BOX 163 ROUTE 15,BALTIMORE,MD,21220,
817 PHILADELPHIA AVENUE,SILVER SPRING,MD,,MONTGOMERY
RT 4 BOX 269-A,SYKESVILLE,MD,21784,CARROLL
4714 EDMONDSON AVENUE,BALTIMORE,MD,21229,
7333 NEW HAMPSHIRE AVENUE,HYATTSVILLE,MD,,PRINCE GEORGES
1242 NEWFIELD ROAD,,MD,21207,BALTIMORE
4420 EAST WEST HIGHWAY,BETHESDA,MD,20014,
8816 ALTIMONT LANE,CHEVY CHASE,MD,,MONTGOMERY
337 VIERLING DRIVE,SILVER SPRING,MD,,MONTGOMERY
2 GRANT STREET,ABERDEEN,MD,,HARFORD
8315 LACEWOOD LANE,,MD,21208,BALTIMORE
8315 LACEWOOD LANE,PIKESVILLE,MD,21208,BALTIMORE
1310 W WASHINGTON STREET,HAGERSTOWN,MD,21740,WASHINGTON
2718 HUNTINGTON AVENUE,BALTIMORE,MD,21211,BALTIMORE
7814 ST GREGORY DRIVE,DUNDALK,MD,,BALTIMORE
BOX 36 MAIN STREET,FALLSTON,MD,21047,HARFORD
11354 CHERRY HILL ROAD,BELTSVILLE,MD,20705,PRINCE GEORGE
11354 CHERRY HILL ROAD,BELTSVILLE,MD,20705,PRINCE GEORGES
5529 HALPINE PLACE APT 202,ROCKVILLE,MD,20851,MONTGOMERY
8135 PEPPERWOOD LANE,GAITHERSBURG,MD,20760,MONTGOMERY
7250 LANDOVER ROAD,,MD,20785,PRINCE GEORGES
HHD 42ND TRANSPORTATION BATTALION,FORT MEADE,MD,20755,ANNE ARUNDEL
5308 85TH AVE C2,NEW CARROLLTON,MD,20784,PRINCE GEORGES
7925 PENNSYLVANIA AVE,SUITLAND,MD,20028,PRINCE GEORGES
6510 RONALD ROAD,CAPTIOL HEIGHTS,MD,,PRINCE GEORGES
2109 VAN BUREN STREET,HYATTSVILLE,MD,20782,PRINCE GEORGES
1373 PENTWOOD ROAD,BALTIMORE,MD,21212,
2718 HUNTINGTON AVENUE,BALTIMORE,MD,,
BOX 63 RD NUMBER 1,ELKTON,MD,21921,CECIL
RT 1 BOX 78,HARWOOD,MD,,ANNE ARUNDEL
6510 SANZO ROAD,PIKESVILLE,MD,21209,BALTIMORE
922 COOKS LANE,BALTIMORE,MD,21229,
3001 ROMARIC COURT,BALTIMORE,MD,21209,
4432 CAMPBELL DRIVE,SUITLAND,MD,20021,PRINCE GEORGES
24 STONECROFT ROAD,BALTIMORE,MD,21229,
ANDREWS AIR FORCE BASE HOSPITAL BARRACKS,,MD,,PRINCE GEORGES
619 HILLTOP ROAD,CATONSVILLE,MD,21228,BALTIMORE
619 HILLTOP ROAD,CATONSVILLE,MD,,BALTIMORE
P O BOX 156,UPPER MARLBORO,MD,20870,
748 POPLAR DRIVE,CROWNSVILLE,MD,21032,ANNE ARUNDEL
772 FAIRVIEW AVE APT F,ANNAPOLIS,MD,21403,
772 FAIRVIEW AVE APT F,ANNAPOLIS,MD,21403,ANNE ARUNDEL
1131 UNIVERSITY BOULEVARD WEST,SILVER SPRING,MD,20902,MONTGOMERY
3535 CHEVY CHASE LAKE DRIVE,CHEVY CHASE,MD,20015,MONTGOMERY
819 DRUID PARK LAKE DRIVE,BALTIMORE,MD,21217,
BISHOPS APTS DOLPHIN STREET,OCEAN,MD,21842,WORCESTER
APARTMENT 24 2307 GEORGIAN WAY,SILVER SPRING,MD,20910,MONTGOMERY
11128 LUXMANOR ROAD,ROCKVILLE,MD,20852,MONTGOMERY
3602 MANORWOOD DR,W HYATTSVILLE,MD,20782,PRINCE GEORGES
5305 CARTER AVENUE,BALTIMORE,MD,21214,
RT 11 BOX 63 FORD DRIVE,PASADENA,MD,21122,ANNE ARUNDEL
1400 CASTLE BLVD,SILVER SPRING,MD,20904,MONTGOMERY
3213 75TH AVENUE 104,LANDOVER,MD,20785,PRINCE GEORGES
5648 ALICE AVENUE APT 303,OXON HILL,MD,20021,PRINCE GEORGES
1212 PINEWOOD DRIVE,FREDERICK,MD,21701,FREDERICK
5692 ALICE AVENUE APT 2,OXON HILL,MD,20021,PRINCE GEORGES
221 FAYETTE STREET,CUMBERLAND,MD,21502,ALLEGANY
5402 56TH PLACE APT 302,E RIVERDALE,MD,20840,
8523 GRUBB ROAD,SILVER SPRING,MD,20910,MONTGOMERY
3003 ROMARIC COURT,BALTIMORE,MD,21209,
1902 EAST BALTIMORE STREET,BALTIMORE,MD,21231,
5103 PEMBROKE AVENUE,BALTIMORE,MD,21206,
6417 RIDGEVIEW AVENUE,BALTIMORE,MD,21206,
213 OAKLEY STREET,CAMBRIDGE,MD,21613,DORCHESTER
19062 MILLS CHOICE ROAD APT 3,GAITHERSBURG,MD,21760,MONTGOMERY
9 CENTRE AVENUE,DUNDALK,MD,21222,BALTIMORE
5333 CARRIAGE COURT,BALTIMORE,MD,21229,
61 NORTH EDGEWOOD STREET,BALTIMORE,MD,21229,
BOX 365 SLACKS ROAD,SYKESVILLE,MD,21784,CARROLL
7606 MARBURY DRIVE,DISTRICT HEIGHTS,MD,20028,PRINCE GEORGES
323 LINDEN AVENUE,BEVERLY BEACH,MD,21106,ANNE ARUNDEL
3112 KESWICK ROAD,BALTIMORE,MD,21211,
3615 LOCH RAVEN BOULEVARD,BALTIMORE,MD,21218,
11128 LUXMANOR ROAD,ROCKVILLE,MD,,MONTGOMERY
11128 LUXMANOR ROAD,ROCKVILLE,MD,20852,
9523 DOGWOOD PARK ST,RITCHIE,MD,20027,
9523 DOGWOOD PARK ST,RITCHIE,MD,20027,PRINCE GEORGES
7837 RIVERDALE ROAD,NEW CARROLLTON,MD,20784,PRINCE GEORGES
2351 RESEARCH BOULEVARD,ROCKVILLE,MD,,MONTGOMERY
11605 35TH PLACE,BELTSVILLE,MD,20705,PRINCE GEORGES
12112 LITTLE CREEK DRIVE,POTOMAC,MD,20854,
13113 LARCHDALE ROAD,LAUREL,MD,20810,PRINCE GEORGES
8204 GORMAN AVENUE,LAUREL,MD,20810,PRINCE GEORGES
B TROOP 6TH CAVALRY,FORT MEADE,MD,21113,ANNE ARUNDEL
325 LORD BYRON LANE APT T3,COCKEYSVILLE,MD,21030,BALTIMORE
537 W FRANKLIN STREET,HAGERSTOWN,MD,21740,WASHINGTON
BOX 55,CONOWINGO,MD,21918,CECIL
1125 E CHARLES VIEW WAY,TOWSON,MD,21204,BALTIMORE
28 NORTH SUMMIT AVENUE APARTMENT 301,GAITHERSBURG,MD,,MONTGOMERY
2432 B EVERTON ROAD,BALTIMORE,MD,21209,
11455 CHERRY HILL RD,BELTSVILLE,MD,20705,PRINCE GEORGES
5112 WRIGHT AVENUE,BALTIMORE,MD,21205,
6848 WALKER MILL ROAD APT 302,DISTRICT HEIGHTS,MD,20027,
SOUTH DIVISION EXTENDED,FRUITLAND,MD,21801,WICOMICO
1 DELECREST COURT,BALTIMORE,MD,21093,
3653 PASKIN PLACE,BALTIMORE,MD,21207,
610 KNOLLCREST PLACE,COCKEYSVILLE,MD,21030,
1223 GLENEAGLE ROAD,BALTIMORE,MD,21239,
1725 VALE PLACE,ROCKVILLE,MD,20850,MONTGOMERY
5316 QUINCY STREET,HYATTSVILLE,MD,20870,PRINCE GEORGES
6019 SPRINGHILL DRIVE APT 203,GREENBELT,MD,20770,PRINCE GEORGES
9001 A CONTEE ROAD,LAUREL,MD,20610,PRINCE GEORGES
1303 C COLBURY ROAD,BALTIMORE,MD,21239,
6716 BONNIE RIDGE DRIVE,BALTIMORE,MD,21209,
3807 WABASH AVENUE APT 1B,BALTIMORE,MD,21215,
343 RIDGE AVE,HAGERSTOWN,MD,21740,WASHINGTON
3320 CHAUNCEY PLACE,MT RAINER,MD,,PRINCE GEORGES
591 PINEWOOD DRIVE,ANNAPOLIS,MD,21401,ANNE ARUNDEL
P O BOX 192,CHESTERTOWN,MD,,QUEEN ANNE
6804 MASSENA COURT,BETHESDA,MD,,MONTGOMERY
201 630 AMERICANA DRIVE,ANNAPOLIS,MD,21403,ANNE ARUNDEL
4325 ANNAPOLIS ROAD,BALTIMORE,MD,21227,
709 NOTTINGHAM ROAD APT 4B,BALTIMORE,MD,21229,
118 SOUTH HIGHLAND AVENUE,BALTIMORE,MD,21224,
ROUTE 1 BOX 370A,LOTHIAN,MD,20820,ANNE ARUNDEL
1628 DARTFORD ROAD,DUNDALK,MD,21222,BALTIMORE
7432 FURNANCE BRANCH ROAD,GLEN BURNIE,MD,21061,ANNE ARUNDEL
16728 1/2 FREDERICK ROAD,POPLAR SPRINGS,MD,21771,HOWARD
11700 OLD COLUMBIA PIKE,SILVER SPRING,MD,,MONTGOMERY
4901 BRADDOCK ROAD,MARLOW HEIGHTS,MD,20031,PRINCE GEORGES
10411 GLENN DALE ROAD,SEABROOK,MD,20801,PRINCE GEORGES
7918 RIGGS ROAD,HYATTSVILLE,MD,20783,PRINCE GEORGES
2408 7TH AVENUE,LANDOVER,MD,20285,PRINCE GEORGES
-9999,,MD,,
1703 DUBLIN ST,SILVER SPRING,MD,20902,
419 EAST OLIVER STREET,BALTIMORE,MD,21202,
11442 STEWARD LANE APT C2,SILVER SPRING,MD,20904,MONTGOMERY
7312 B LANDOVER ROAD,LANDOVER,MD,20785,PRINCE GEORGES
201 EAST ARGYLE STREET APARTMENT NO 3,ROCKVILLE,MD,20858,MONTGOMERY
7130 WILLOW AVENUE,TAKOMA PARK,MD,20012,MONTGOMERY
603 N CURLEY STREET,,MD,21205,BALTIMORE
16960 OAKMONT AVENUE,WASHINGTON GROVE,MD,20830,MONTGOMERY
6818 WALKER MILL ROAD,DISTRICT HEIGHTS,MD,20028,PRINCE GEORGES
4785 BELLWOOD GREEN STREET,,MD,21227,BALTIMORE
8633 GREENBELT ROAD #203,GREENBELT,MD,20770,PRINCE GEORGES
APT 416 3011 HEWITT AVE,SILVER SPRING,MD,20028,MONTGOMERY
7503 PALMER LANE,TAKOMA PARK,MD,,MONTGOMERY
1412 NOVA AVENUE,HILLSIDE,MD,20027,PRINCE GEORGES
8617 LUCERNE ROAD,RANDALLSTOWN,MD,21133,BALTIMORE
540 GREENLEAF AVENUE,,IL,60022,COOK
2807 PHILADELPHIA AVENUE,OCEAN,MD,21842,WORCESTER
5602 CHILLUM HEIGHTS DRIVE,HYATTSVILLE,MD,20782,PRINCE GEORGES
909 WOODBOURNE AVENUE,BALTIMORE,MD,21212,
3910 REGENCY PARKWAY T5,SUITLAND,MD,20023,PRINCE GEORGES
NAS,PATUXENT RIVER,MD,20670,ST MARYS
2104 ADDISON ROAD,DISTRICT HEIGHTS,MD,20028,PRINCE GEORGES
PO BOX 269 RT 6,HAGERSTOWN,MD,21740,WASHINGTON
101 POTOMAC STREET,BOONSBORO,MD,21713,WASHINGTON
4503 FRANKLIN STREET,KENSINGTON,MD,20795,MONTGOMERY
407 REISTERSTOWN ROAD,,MD,21208,BALTIMORE
1515 BLOOMINGDALE ROAD,BALTIMORE,MD,21216,
4808 41ST STREET NW,WASHINGTON,DC,20016,
217 DUNLAP ROAD,PASADENA,MD,21122,ANNE ARUNDEL
8240 FLOWER AVENUE,TAKOMA PARK,MD,20812,
315 LARKSPUR ROAD,MORNINGSIDE,MD,20023,PRINCE GEORGES
444 WEST DEER PARK ROAD,GAITHERSBURG,MD,20670,MONTGOMERY
788 QUINCE ORCHARD BLVD,GAITHERSBURG,MD,20760,MONTGOMERY
1110 IAGLO AVENUE,CAPITOL HEIGHTS,MD,20027,PRINCE GEORGES
3438 DOROTHY AVENUE,JOPPA,MD,21085,HARFORD
11238 EVANS TRAIL,BELTSVILLE,MD,20705,PRINCE GEORGES
205 NINTH STREET,LAUREL,MD,20810,PRINCE GEORGES
10810 HUNTING LANE,SIMPSONVILLE,MD,21150,HOWARD
4749 H FLANDERS LAND,HARWOOD,MD,20776,ANNE ARUNDEL
4749 H FLANDERS LAND,HARWOOD,MD,20076,ANNE ARUNDEL
5947 23RD PARKWAY,HILLCREST HEIGHTS,MD,,PRINCE GEORGES
14133 BEECHVUE LANE,WHEATON,MD,20906,MONTGOMERY
4221 COTTAGE TERRACE,COTTAGE,MD,20722,PRINCE GEORGES
1323 DEANWOOD RD,,MD,21234,BALTIMORE
4813 FERNLEY SQUARE,,MD,21227,BALTIMORE
8151 SCOTTS LEVEL ROAD,,MD,21208,BALTIMORE
506 COLLEGE AVENUE,LUTHERVILLE,MD,21093,BALTIMORE
5007 HAMPDEN LANE,BETHESDA,MD,20014,MONTGOMERY
1111 OVERBROOK ROAD,,MD,21239,BALTIMORE
27300 WATERBLIET STREET,ABERDEEN,MD,21005,HARFORD
5608 SPRUCE DRIVE,CLINTON,MD,20735,PRINCE GEORGES
5608 SPRUCE DRIVE,CLINTON,MD,,PRINCE GEORGES
406 BLANDFORD STREET,ROCKVILLE,MD,20853,MONTGOMERY
-9999,BOYNTON,PA,15532,
8209 NEW HAMPSHIRE AVE 102,LANGLEY PARK,MD,20783,PRINCE GEORGES
ROUTE 2 BOX 39L,LEONARDTOWN,MD,20650,ST MARYS
ROUTE 2 BOX 39L,LEONARDTOWN,MD,,ST MARYS
14 NORTH CHASE,CUMBERLAND,MD,21502,ALLEGANY
5427 SARGENT ROAD,HYATTSVILLE,MD,20782,PRINCE GEORGES
3505 ANDERSON ROAD,KENSINGTON,MD,20795,MONTGOMERY
3405 GWYNNS FALLS PARKWAY,BALTIMORE,MD,21216,
1703 EAST WEST HIGHWAY,SILVER SPRING,MD,,MONTGOMERY
1703 EAST WEST HIGHWAY,SILVER SPRING,MD,20910,MONTGOMERY
7922 RIGGS ROAD,ADELPHI,MD,20783,PRINCE GEORGES
92 MARY LANE APT 101,GLEN BURNIE,MD,21061,ANNE ARUNDEL
26 ROSELAWN AVENUE,LAVALE,MD,21502,ALLEGANY
8025 WOODGATE COURT,,MD,21207,BALTIMORE
110 PENNSYLVANIA AVENUE,WESTMINSTER,MD,21157,CARROLL
944 BROOKS LANE,BALTIMORE,MD,21217,
2045 E 31ST STREET,BALTIMORE,MD,21217,
10095 WASHINGTON BOULEVARD,LAUREL,MD,20810,PRINCE GEORGES
HOMESTEAD TRAILER PARK,PORT DEPOSIT,MD,21904,CECIL
266 HAMMARLEE ROAD,GLEN BURNIE,MD,21061,ANNE ARUNDEL
2409 FAIRWAY STREET,DUNDALK,MD,,BALTIMORE
105 ENCHANTED HILLS ROAD APT T3,OWINGS MILLS,MD,21117,BALTIMORE
105 ENCHANTED HILLS ROAD,OWINGS MILLS,MD,21117,BALTIMORE
BOX 523 BAY AVENUE,NORTH BEACH,MD,20831,CALVERT
9122 EDMONSTON COURT APT 102,GREENBELT,MD,,PRINCE GEORGES
118 BEAUMONT AVENUE,BALTIMORE,MD,21228,
7116 DONNELL PLACE,FORESTVILLE,MD,20028,PRINCE GEORGES
3802 UPSHUR STREET,BRENTWOOD,MD,20722,PRINCE GEORGES
2434 IVERSON STREET,HILLCREST HEIGHTS,MD,,PRINCE GEORGES
APARTMENT 111D COURTNEY DRIVE,ELKTON,MD,21921,CECIL
121 SOUTH MAIN ST,BOONSBORO,MD,21713,WASHINGTON
121 SO MAIN ST,BOONSBORO,MD,21713,WASHINGTON
804 JUDY LANE,BALTIMORE,MD,21208,
6126 GREEN MEADOW PARKWAY,BALTIMORE,MD,21209,
19140 MONTGOMERY VILLAGE AVENUE,GAITHERSBURG,MD,,MONTGOMERY
7813G WINBORNE DRIVE,GLEN BURNIE,MD,21061,ANNE ARUNDEL
607 REISTERSTOWN ROAD,PIKESVILLE,MD,,BALTIMORE
US ROUTE 40,ELKTON,MD,21921,CECIL
GOUCHER COLLEGE DULANEY VALLEY ROAD,TOWSON,MD,21204,BALTIMORE
GOUCHER COLLEGE DULANEY VALLEY ROAD,TOWSON,MD,,BALTIMORE
40 ROBIN HOOD ROAD,HARVEDE GRACE,MD,21078,HARFORD
28 ENCHANTED HILLS ROAD APT 1,OWINGS MILLS,MD,21117,BALTIMORE
APT 1103 1001 SPRING STREET,SILVER SPRING,MD,,MONTGOMERY
7809 BRUTON DRIVE,GLEN BURNIE,MD,21061,ANNE ARUNDEL
407 HARWOOD PLACE,ANNAPOLIS,MD,21401,ANNE ARUNDEL
NAVSCOLEOD,INDIAN HEAD,MD,20640,CHARLES
KRIEL AVENUE,WOODLAWN,MD,,BALTIMORE
113 NORTH GREENE STREET,BALTIMORE,MD,,
2918 W NORTH AVE,BALTIMORE,MD,,
-9999,WESTMINSTER,MD,,CARROLL
230 RACE,CAMBRIDGE,MD,,DORCHESTER
-9999,GOLDSBORO,MD,,CAROLINE
-9999,SILVER SPRING,MD,,MONTGOMERY
1902 MCELDERRY STREET,BALTIMORE,MD,,ANNE ARUNDEL
419 GARFIELD AVENUE,HYATTSVILLE,MD,,PRINCE GEORGES
208 WILLIS STREET,CAMBRIDGE,MD,,DORCHESTER
-9999,FINKSBURG,MD,,CARROLL
1611 EAST PRATT STREET,BALTIMORE,MD,,BALTIMORE
3115 W NORTH AVENUE,BALTIMORE,MD,,CARROLL
2338 EUTAW PLACE,BALTIMORE,MD,,
LOCUST,CAMBRIDGE,MD,,DORCHESTER
-9999,FEDERALSBURG,MD,,CAROLINE
3101 JUNEAU PLACE,BALTIMORE,MD,,
ROUTE # 1,UNION BRIDGE,MD,,CARROLL
2147 CHELSEA TERRACE,BALTIMORE,MD,,
-9999,UNION BRIDGE,MD,,CARROLL
SPRING GROVE STATE HOSPITAL,CANTONSVILLE,MD,,BALTIMORE
1000 W BELVEDERE AVENUE,BALTIMORE,MD,,
HILLMEAD,BETHESDA,MD,,MONTGOMERY
730 DEEPDENE ROAD,BALTIMORE,MD,,
1010 WEST PRATT,BALTIMORE,MD,,
-9999,BALTIMORE,MD,,
-9999,BERWYN,MD,,PRINCE GEORGES
SEVERN POST OFFICE,,MD,,ANNE ARUNDEL
113 DEL RAY AVE,BETHESDA,MD,,MONTGOMERY
1402 EDMONDSON AVENUE,CATONSVILLE,MD,,BALTIMORE
3706 CRANSTON AVENUE,BALTIMORE,MD,,
7216 ABERDEEN ROAD,BETHESDA,MD,,MONTGOMERY
1337 MT ROYAL AVENUE,BALTIMORE,MD,,
509 OAKE (GREENBRIER) DRIVE,SILVER SPRING,MD,,MONTGOMERY
R D #1,RHODESDALE,MD,,DORCHESTER
-9999,SILVER RUN,MD,,CARROLL
3936 PARK HEIGHTS AVENUE,BALTIMORE,MD,,
1710 REGENT ROAD,BALTIMORE,MD,,
201 SOUTH MAIN,FEDERALSBURG,MD,,CAROLINE
1006 ROOSEVELT AVE,RIVERDALE,MD,,PRINCE GEORGE S
-9999,WHALEYVILLE,MD,,WORCESTER
5503 RUSK AVENUE,BALTIMORE,MD,,
200 BOUNDARY AVE,CAMBRIDGE,MD,,DORCHESTER
1418 COLD SPRING LANE,BALTIMORE,MD,,
669 W LEXINGTON ST,BALTIMORE,MD,,
CORNER OF MORRIS & MARTIN,SNOW HILL,MD,,WORCESTER
8604 COLESVILLE ROAD,SILVER SPRINGS,MD,,
1029 S CHARLES STREET,BALTIMORE,MD,,
-9999,EAST NEW MARKET,MD,,
212 N CHARLES STREET,BALTIMORE,MD,,
MOHICAN ROAD,MOHICAN HILLS GLEN ECHO HEIGHTS,MD,,MONTGOMERY
332 E UNIVERSITY PARKWAY,BALTIMORE,MD,,
6313 BELAIR ROAD,BALTIMORE,MD,,
RAIL ROAD AVENUE,EAST NEW MARKET,MD,,DORCHESTER
-9999,EASTON,MD,,TALBOT
5701 OAKSHIRE ROAD,BALTIMORE,MD,,
1013 LEEDS AVENUE,BALTIMORE,MD,,
401 SUMMIT AVENUE,HAGERSTOWN,MD,,WASHINGTON
144 R STREET NE,WASHINGTON,DC,,
BROAD STREET,BERLIN,MD,,WORCESTER
6 WEST OVERLEA AVENUE,BALTIMORE,MD,,
1927 EAST 30TH STREET,BALTIMORE,MD,,
3604 NEW HAMPSHIRE AVENUE,WASHINGTON,DC,,
117-119 S PACA STREET,BALTIMORE,MD,,
2329 EASTERN AVENUE,BALTIMORE,MD,,
-9999,BETHESDA,MD,,MONTGOMERY
5404 TRAYMORE ROAD,BALTIMORE,MD,,
ROUTE #1,TANEYTOWN,MD,,CARROLL
CORNER OF W CHURCH AND HIGH STS,HAGERSTOWN,MD,,WASHINGTON
9107 FLOWER AVENUE,SILVER SPRING,MD,,MONTGOMERY
23 SOUTH POTOMAC ST,HAGERSTOWN,MD,,WASHINGTON
-9999,HANCOCK,MD,,WASHINGTON
-9999,LANDOVER,MD,,
3624 PERRY ST,MT RAINER,MD,,
107 GARFIELD AVENUE,HYATTSVILLE,MD,,PRINCE GEORGES
R F D,SNOW HILL,MD,,WORCESTER
6 BLYTHEWOOD ROAD,BALTIMORE,MD,,
-9999,ABERDEEN,MD,,HARFORD
R F D,SYKESVILLE,MD,,CARROLL
5212 TRAMORE ROAD,BALTIMORE,MD,,
1821 CAPITOL VIEW AVE,FOREST GLEN,MD,,
312 WILLIAM STREET,SALISBURY,MD,,WICOMICO
4108 GLENARM AVENUE,BALTIMORE,MD,,
2023 N CHARLES STREET,BALTIMORE,MD,,
-9999,WILLARDS,MD,,WICOMICO
3512 VIRGINIA AVENUE,BALTIMORE,MD,,
2427 LAKEVIEW AVENUE,BALTIMORE,MD,,
3001 WEST LANVALE,BALTIMORE,MD,,
3004 TAYLOR AVENUE,BALTIMORE,MD,,BALTIMORE
YMCA,FREDERICK,MD,,FREDERICK
26 NORMAL TERRACE,TOWSON,MD,,BALTIMORE
3310 AUCHENTOROLY TERRACE,BALTIMORE,MD,,
-9999,MEADOWS,MD,,PRINCE GEORGE
611 PORTLAND STREET,BALTIMORE,MD,,
RANDOLPH AND SEVENTH STREETS,DENTON,MD,,CAROLINE
1721 NORTH BENTALOU ST,BALTIMORE,MD,,
6215 42ND AVENUE,HYATTSVILLE,MD,,
2518 NORTH CHARLES ST,BALTIMORE,MD,,
2852 OAKLEY AVENUE,BALTIMORE,MD,,
-9999,HURLOCK,MD,,DORCHESTER
-9999,FREDERICK,MD,,FREDERICK
614 TUNBRIGE ROAD,BALTIMORE,MD,,
2163 HOLLINS STREET,BALTIMORE,MD,,
3119 GUILFORD AVENUE,BALTIMORE,MD,,
611 SALISBURY BOULEVARD,SALISBURY,MD,,WICOMICO
EAST MAIN STREET,EMMITSBURG,MD,,FREDERICK
635 WASHINGTON AVENUE,HAGERSTOWN,MD,,WASHINGTON
954 HOMESTEAD STREET,BALTIMORE,MD,,
5408 CLOVER ROAD,BALTIMORE,MD,,
2014 BRADDISH AVENUE,BALTIMORE,MD,,
-9999,WILLIAMSBURG,MD,,DORCHESTER
2029 NORTH SMALLWOOD STREET,BALTIMORE,MD,,
5220 PENNINGTON AVENUE,BALTIMORE,MD,,
2500 LAKELAND AVENUE,BALTIMORE,MD,,
23 EAST WASHINGTON ST,HAGERSTOWN,MD,,WASHINGTON
15TH STREET AND ANNAPOLIS ROAD,ODENTON,MD,,ANNE ARUNDEL
1250 HULL STREET,BALTIMORE,MD,,
TRUMPMILL ROAD,BALTIMORE,MD,,
509 TITLE BUILDING,BALTIMORE,MD,,
2710 BOARMAN AVENUE,BALTIMORE,MD,,
-9999,HAMPSTEAD,MD,,CARROLL
6124 BELAIR ROAD,BALTIMORE,MD,,
2218 WEST NORTH AVENUE,BALTIMORE,MD,,
4533-38TH STREET,BRENTWOOD,MD,,
6628 HARFORD AVENUE,BALTIMORE,MD,,
622-24 CHERRY HILL ROAD,BALTIMORE,MD,,
2503 RIGGS AVENUE,BALTIMORE,MD,,
1815 NORTH PULASKI STREET,BALTIMORE,MD,,
45 POPLAR AVENUE,TAKOMA PARK,MD,,
854 LINDEN AVENUE,BALTIMORE,MD,,
2327 NORTH CHARLES STREET,BALTIMORE,MD,,BALTIMORE
4024 36TH ST,MT RAINIER,MD,,
-9999,FRUITLAND,MD,,WICOMICO
MAIN STREET,FRUITLAND,MD,,WICOMICO
R F D,DENTON,MD,,CAROLINE
1809 LOVEGROVE STREET,BALTIMORE,MD,,
R F D NO 2,PRESTON,MD,,CAROLINE
5213 BIDDISON LANE,BALTIMORE,MD,,
4100 UNDERWOOD ROAD,BALTIMORE,MD,,
63 SHIPPING PLACE,DUNDALK,MD,,
REISTERSTOWN ROAD,OWINGS MILLS,MD,,BALTIMORE
REISTERSTOWN ROAD,OWINGS MILLS,MD,,
3400 GLEN AVENUE,BALTIMORE,MD,,
BAY RIDGE ROAD,EASTPORT,MD,,
-9999,TILGHMAN,MD,,TALBOT
3352 CHILLUM ROAD,MOUNT RAINER,MD,,PRICE GEORGES
5319 NELSON AVENUE,BALTIMORE,MD,,
1014 WILDWOOD PARKWAY,BALTIMORE,MD,,
5515 PILGRIM ROAD,BALTIMORE,MD,,
-9999,PITTSVILLE,MD,,WICOMICO
2427 REEDIE DR,WHEATON,MD,,
R F D #2 SHELDON AVENUE,SALISBURY,MD,,WICOMICO
6617 22ND PLACE,HYATTSVILLE,MD,,
8107 EASTERN AVE,SILVER SPRING,MD,20910,
3905 REXMERE ST,BALTIMORE,MD,,
11912 BELTSVILLE RD  #31,BELTSVILLE,MD,20705,PRINCE GEORGE
1929 OXLEY ROAD,BALTIMORE,MD,21322,CECIL
14 ENCHANTED HILL RD  APT 102,OWINGS MILL,MD,21117,BALTIMORE
13200 MILES COURT #201,LAUREL,MD,20811,PRINCE GEORGES
10201 GROVSENOR PLACE APARTMENT 707,ROCKVILLE,MD,20852,MONTGOMERY
56 MARICE CIRCLE,BALTIMORE,MD,21221,
5014 GOODNOW ROAD APT F,BALTIMORE,MD,21206,
3616 DAHLIA LANE,ESSEX,MD,21220,BALTIMORE
313 PRINCETON AVENUE,SALISBURY,MD,21801,WICOMICO
18 SILVERWOOD CIRCLE,ANNAPOLIS,MD,21403,ANNE ARUNDEL
3448 VARGIS CIRCLE,BALTIMORE,MD,21207,
8863 LINCOLN STREET,SAVAGE,MD,20863,PRINCE GEORGE
4032-23RD PARKWAY APT #2,HILLCREST HEIGHTS,MD,20031,
15 W PENNSYLVANIA AVENUE,TOWSON,MD,21204,BALTIMORE
SUNRISE COTTAGE HOOPER LANE,GLEN ARM,MD,21057,BALTIMORE
2404 WOODBERRY STREET,HYATTSVILLE,MD,20782,MONTGOMERY
19 HOLLY ROAD,PASADENA,MD,21122,ANNE ARUNDEL
ROUTE 3 CHESTERBROOK APARTMENTS A-11,MIDDLETOWN,MD,21769,FREDERICK
ROUTE 1 BOX 489 VALLEY ROAD,CUMBERLAND,MD,21502,ALLEGANY
903 F WOODSON ROAD,BALTIMORE,MD,21239,
P O BOX 52,FINKSBURG,MD,21048,ANNE ARUNDEL
6707 TILDENWOOD LANE,ROCKVILLE,MD,20852,
10305 EAST NOLCREST DRIVE,SILVER SPRING,MD,20903,
10694 GREEN MOUNTAIN CIRCLE,COLUMBIA,MD,21044,HOWARD
17801 BUEHLER ROAD APT 107,OLNEY,MD,20832,MONTGOMERY
2812 N LOUDON AVENUE,BALTIMORE,MD,21216,BALTIMORE
P O BOX 301,SYKESVILLE,MD,,CARROLL BALTIMORE
718 E COLDSPRING LANE,BALTIMORE,MD,21212,
14 WEST COLD SPRING LANE,BALTIMORE,MD,21210,
10906 #1 HUNTCLIFF DRIVE,OWINGS MILL,MD,21117,HOWARD
10906-1 HUNTCLIFF DR,OWINGS MILL,MD,21117,HOWARD
P O BOX 224,CHESAPEAKE BEACH,MD,20732,CALVERT
14615 AVERY ROAD,ROCKVILLE,MD,20853,MONTGOMERY
1402 LANGLEY WAY #201,HYATTSVILLE,MD,20783,PRINCE GEORGES
P O BOX 1032,SILVER SPRING,MD,20910,MONTGOMERY
12702 MIDWOOD LANE,BOWIE,MD,20715,PRINCE GEORGES
404 MILFAN DRIVE,SEAT PLEASANT,MD,20027,PRINCE GEORGES
2025 BEAR RIDGE ROAD,DUNDALK,MD,21222,BALTIMORE
7830 OAKLEY ROAD,BALTIMORE,MD,21234,BALTIMORE
2108 PENROSE AVENUE,BALTIMORE,MD,21223,BALTIMORE
20-B CRESTWOOD DRIVE,GAITHERSBURG,MD,20760,MONTGOMERY
7404 FAIRBROOK ROAD APT 1A,BALTIMORE,MD,21207,BALTIMORE
-9999,MAPLEWOOD,MO,,ST LOUIS
-9999,ST LOUIS,MO,,
-9999,DE SOTO,MO,,
3420 MIAMI STREET,ST LOUIS,MO,,
-9999,BONNE TERRE,MO,,ST FRANCOIS
4307 A N 20TH ST,ST LOUIS,MO,,
1901 S BROADWAY,ST LOUIS,MO,,
-999,ST LOUIS,MO,,
-9999,GILMORE,MO,,ST CHARLES
6429 MANCHESTER AVE,ST LOUIS,MO,,
-99,ST LOUIS,MO,,ST LOUIS
-99,ST LOUIS,MO,,
705 CHEMICAL BUILDING,ST LOUIS,MO,,
2000 SOUTH NINTH STREET,ST LOUIS,MO,,
S E CON 4TH ST AND CHESTNUT ST,ST LOUIS,MO,,
-999,,,,
-999,SAINT LOUIS,MO,,
3028 WASHINGTON AVENUE,ST LOUIS,MO,,
-9999,THAYER,MO,,OREGON
-9999,ST LOUIS,MO,,
3663 HICKORY ST,ST LOUIS,MO,,
NO 3908 LACLEDE AVE,ST LOUIS,MO,,
NO 2847 MAGNOLIA AVE,ST LOUIS,MO,,
3323 PINE STREET,ST LOUIS,MO,,
-9999,DE SOTO,MO,,JEFFERSON
-9999,FERGUSON,MO,,ST LOUIS
2101 N 14TH STREET,ST LOUIS,MO,,
2300 SMITH GRAND AVENUE,ST LOUIS,MO,,
-9999,BARRE,VT,,WASHINGTON
-9999,MEXICO,MO,,AUDRAIN
3817-21 N 23RD STREET,ST LOUIS,MO,,
-999,ST LOUIS,MO,,
-999,OAKVILLE,MO,,ST LOUIS
-9999,LOS ANGELES,CA,,
1437 NORTH 2ND ST,ST LOUIS,MO,,
2615 OLIVE STREET,ST LOUIS,MO,,
3525 LUCAS AVE,ST LOUIS,MO,,
3404 A SOUTH JEFFERSON AVE,ST LOUIS,MO,,
1505 SOUTH BROADWAY,ST LOUIS,MO,,
-9999,FLAT RIVER,MO,,ST FRANCOIS
4049 WASHINGTON BLVD,ST LOUIS,MO,,
2622 N SPRING AVENUE,ST LOUIS,MO,,
-9999,ROWENA,MO,,AUDRAIN
1744 CHOTEAU AVENUE,ST LOUIS,MO,,
6031 HORTON PLACE,SAINT LOUIS,MO,,
-9999,PIQUA,OH,,MIAMI
2038 BELL AVE,ST LOUIS,MO,,
-999,LAKEWOOD,MO,,ST LOUIS
-999,ST LOUIS,MO,,THOMAS STATION
-999,UNIVERSITY,MO,,ST LOUIS
-9999,MEXICO,MO,,AUDRAIN
2278 RED BUD AVE,ST LOUIS,MO,,
1846 RUSSELL AVENUE,ST LOUIS,MO,,ST LOUIS
1201 HODIAMONT AVENUE,ST LOUIS,MO,,ST LOUIS
-9999,KIRKWOOD,MO,,ST LOUIS
-9999,CUBA,MO,,CRAWFORD
-999,,MO,,ST FRANCOIS
-9999,NORMANDY,MO,,ST LOUIS
4412 CLARENCE AVE,ST LOUIS,MO,,
5912 MCPHERSON AVENUE,ST LOUIS,MO,,
4986 BOTANICAL AVENUE,ST LOUIS,MO,,
-9999,FESTUS,MO,,JEFFERSON
-9999,SAINT LOUIS,MO,,
4778 CUPPLES PLACE,ST LOUIS,MO,,
2200A HOWARD ST,ST LOUIS,MO,,
-9999,UNIVERSITY,MO,,ST LOUIS
6710 OAKLAND AVENUE,ST LOUIS,MO,,
1620 FRANKLIN AVE,ST LOUIS,MO,,
-9999,ST LOUIS,MO,,
4065 OLIVE  STREET,ST LOUIS,MO,,
1054 FOREST AVENUE,ST LOUIS,MO,,
716 WASHINGTON AVENUE,ST LOUIS,MO,,
1123 WASHINGTON AVENUE,ST LOUIS,MO,,
-9999,STANTON,MO,,FRANKLIN
4397 LACLEDE AVENUE,ST LOUIS,MO,,
-9999,ST LOUIS,MO,,AUDRAIN
3674 LINDELL BLVD,ST LOUIS,MO,,
19 SOUTH EWING AVE,ST LOUIS,MO,,
-999,SAINT LOUIS,MO,,
-999,ST LOUIS,MO,,
-999,LAKE SPRING,MO,,DENT
-999,WEBSTER GROVES,MO,,ST LOUIS
-999,VINITA PARK,MO,,ST LOUIS
3965 A LAFAYETTE AVENUE,ST LOUIS,MO,,
513 N GRAND AVE,ST LOUIS,MO,,
2500 SLATTERY AVE,ST LOUIS,MO,,
-9999,FESTUS,MO,,JEFFERSON
5922 HORTON PLACE,ST LOUIS,MO,,
2307 LYNCH STREET,ST LOUIS,MO,,
4126 FAIR AVENUE,ST LOUIS,MO,,
4767 BEACON AVENUE,ST LOUIS,MO,,
4017 WINNEBAGO AVENUE,ST LOUIS,MO,,
4228A FOLSOM AVENUE,ST LOUIS,MO,,
3854 WASHINGTON AVENUE,ST LOUIS,MO,,
-9999,CRESCENT,MO,,ST LOUIS
3173 SOUTH GRAND AVENUE,ST LOUIS,MO,,
1210 HODIAMONT AVENUE,SAINT LOUIS,MO,,
4651 ST FERDINAND AVENUE,ST LOUIS,MO,,
5717 ETZEL AVE,ST LOUIS,MO,,
-9999,WASHINGTON,MO,,FRANKLIN
615 N 9TH STREET,ST LOUIS,MO,,
3561 OLIVE ST,ST LOUIS,MO,,
7922 IVORY AVENUE,ST LOUIS,MO,,
2351 ALBION PL,ST LOUIS,MO,,
AUXVASSE POST OFFICE,AUXVASSE,MO,,AUDRAIN
347 HAZEL AVE,WEBSTER GROVES,MO,,ST LOUIS
1731A NICHOLSON PLACE,ST LOUIS,MO,,
9510 LACKLAND OVERLAND,ST LOUIS,MO,,
7216 MICHIGAN AVENUE,ST LOUIS,MO,,
4504A ATHLONE AVE,ST LOUIS,MO,,
205 SOUTH EUCLID AVENUE,ST LOUIS,MO,,
4359 LEE AVENUE,ST LOUIS,MO,,
4308 LINTON AVE,ST LOUIS,MO,,
RAILWAY Y M C A,ST LOUIS,MO,,
6203-6-7 EASTON AVENUE,WELLSTON,MO,,ST LOUIS
1042 FAIRMOUNT AVENUE,ST LOUIS,MO,,
3826A N 23RD ST,ST LOUIS,MO,,
5148 WELLS AVENUE,ST LOUIS,MO,,
-9999,SAINT LOUIS,MO,,
4605 NORTH 20TH STREET,ST LOUIS,MO,,
2633 LAFAYETTE AVENUE,ST LOUIS,MO,,ST LOUIS
4516 DELMAR BOULEVARD,ST LOUIS,MO,,
2044 LAFAYETTE AVE; 2417 LEMP AVE,ST LOUIS,MO,,
4103 DE TONTY,ST LOUIS,MO,,
5370 CABANNE AVENUE,ST LOUIS,MO,,
-9999,WEBSTER GROVES,MO,,ST LOUIS
7411 MAPLE AVENUE,MAPLEWOOD,MO,,ST LOUIS
-9999,ELSBERRY,MO,,LINCOLN
R G DUNN & CO 506 NORTH 4TH STREET,SAINT LOUIS,MO,,
3519 SOUTH GRAND BOULEVARD,ST LOUIS,MO,,
2714A ANN AVENUE,ST LOUIS,MO,,
LINDELL AND SPRING AVENUES,ST LOUIS,MO,,
2231A ALBERTA STREET,ST LOUIS,MO,,
7900 MANCHESTER ROAD,MAPLEWOOD,MO,,ST LOUIS
705 DODDRIDGE STREET,ST LOUIS,MO,,
4569 ATHLONE AVE,ST LOUIS,MO,,
2218 PINE STREET,,MO,,
5543 SOUTH GRAND BOULEVARD,ST LOUIS,MO,,
7577 WARNER AVENUE,RICHMOND HEIGHTS,MO,,ST LOUIS
5102 PALM STREET,ST LOUIS,MO,,MAHASKA
2712 SOUTH BROADWAY,ST LOUIS,MO,,
3406 EADS AVE,ST LOUIS,MO,,
-9999,FERGUSON,MO,,
-9999,GRAY SUMMIT,MO,,FRANKLIN
4103 WEST PINE BLVD,ST LOUIS,MO,,
3430 KEOKUK STREET,ST LOUIS,MO,,
808 WASHINGTON AVENUE,ST LOUIS,MO,,
9914 LARK AVENUE,ST LOUIS,MO,,ST LOUIS
5565 VERNON AVENUE,ST LOUIS,MO,,
1517 SOUTH COMPTON AVENUE,ST LOUIS,MO,,
2849 LAFAYETTE AVENUE,ST LOUIS,MO,,
RICHARD AVE & SHERIDAN DRIVE,ST LOUIS,MO,,ST LOUIS
3118 S GRAND BOULEVARD,ST LOUIS,MO,,
4133 LINDELL BLVD,ST LOUIS,MO,,
9117 DELPHINE AVE,ST LOUIS,MO,,ST LOUIS
-9999,ST LOUIS,MO,,ST LOUIS
2611 BIG BEN RD,MAPLEWOOD,MO,,ST LOUIS
4310 NORTH PRAIRIE AVE,ST LOUIS,MO,,
-9999,FARBER,MO,,AUDRAIN
6640 WASHINGTON BOULEVARD,ST LOUIS,MO,,
ROUTE 3,WARTHASVILLE,MO,,WARREN
762 AUBERT AVENUE,ST LOUIS,MO,,
NO 502 EQUITABLE BUILDING 6TH & LOCUST STREETS,ST LOUIS,MO,,
1301 WASHINGTON AVENUE,ST LOUIS,MO,,
619 NORTH GRAND BOULEVARD,ST LOUIS,MO,,
5525 ENRIGHT AVE,ST LOUIS,MO,,
-9999,RICHMOND HEIGHTS,MO,,ST LOUIS
3538 NORTH NEWSTEAD AVENUE,ST LOUIS,MO,,
5128 NORTHLAND AVENUE,ST LOUIS,MO,,
R F D #2,CENTRALIA,MO,,AUDRAIN
4962 WALSH STREET,ST LOUIS,MO,,
3512 MINNESOTA AVENUE,ST LOUIS,MO,,
2733A WYOMING ST,ST LOUIS,MO,,
3800 LACLEDE AVENUE,ST LOUIS,MO,,
-9999,WELLSTON,MO,,ST LOUIS
7055 GLADES AVENUE,ST LOUIS,MO,,ST LOUIS
1710 MCCREADY,RICHMOND HEIGHTS,MO,,ST LOUIS
6322 CABANNE AVE,ST LOUIS,MO,,ST LOUIS
1502 MCCAUSLAND,ST LOUIS,MO,,
FARM THREE MILES NORTH WEST,MEXICO,MO,,AUDRAIN
-9999,CLAYTON,MO,,SAINT LOUIS
3136 ST VINCENT,ST LOUIS,MO,,
3932 SHAW AVE,ST LOUIS,MO,,
4406 FORREST PARK BLVD,ST LOUIS,MO,,ST LOUIS
4102 MCREE,ST LOUIS,MO,,
4221 N BROADWAY,ST LOUIS,MO,,
2838 SOUTH FOURTH ST,ST LOUIS,MO,,
6213 EASTON AVENUE,WELLSTON,MO,,ST LOUIS
2727 SHENANDOAH AVENUE,ST LOUIS,MO,,
2246 BLENDON PLACE,ST LOUIS,MO,,
4046 POTOMAC ST,ST LOUIS,MO,,
1025 NORTH SIXTH STREET,ST LOUIS,MO,,
3020 S GRAND BLVD,ST LOUIS,MO,,
3649 DUNNICA AVENUE,ST LOUIS,MO,,
819 WALNUT  STREET,ST LOUIS,MO,,
-9999,FARMINGTON,MO,,ST FRENOOIS
4626 GRAVOIS AVENUE,ST LOUIS,MO,,
509 NO GRAND BLVD,ST LOUIS,MO,,
2601 CASE AVENUE,ST LOUIS,MO,,
-9999,JEFFERSON BARRACKS,MO,,ST LOUIS
4459 OAKLAND AVENUE,ST LOUIS,MO,,
3244A THEODOSIA,ST LOUIS,MO,,
3210 ARSENAL STREET,ST LOUIS,MO,,
2847 OLIVE STREET,ST LOUIS,MO,,
2143 OAK AVENUE,ST LOUIS,MO,,ST LOUIS
R F D #5,MEXICO,MO,,AUDRAIN
R F D #,MEXICO,MO,,AUDRAIN
4540 EVANS AVENUE,ST LOUIS,MO,,
5778 MCPHERSON AVENUE,ST LOUIS,MO,,
1611 WASHINGTON AVENUE,ST LOUIS,MO,,
3927 WEST PINE BOULEVARD,ST LOUIS,MO,,
7107 STANFORD AVE,UNIVERSITY,MO,,ST LOUIS
4642 SHENANDOAH,ST LOUIS,MO,,
4664 PERSHING AVENUE,ST LOUIS,MO,,
2719 MCCAUSLAND AVENUE,ST LOUIS,MO,,
3734 WASHINGTON BLVD,ST LOUIS,MO,,ST LOUIS
2740 CLARA AVENUE,ST LOUIS,MO,,
-9999,HAWK POINT,MO,,LINCOLN
2017 CHEROKEE STREET,ST LOUIS,MO,,
6492 DALE AVENUE,ST LOUIS,MO,,
-9999,PASADENA,MO,,ST LOUIS
4327 WEST BELLE PLACE,ST LOUIS,MO,,
8015 MARYLAND AVENUE,CLAYTON,MO,,ST LOUIS
1512 PINE STREET,ST LOUIS,MO,,
1800 WAGONER PLACE,ST LOUIS,MO,,
5727 DE GIVERVILLE AVENUE,ST LOUIS,MO,,
3220 ARSENAL ST,ST LOUIS,MO,,
3455 HENRIETTA STREET,ST LOUIS,MO,,
624 N VANDEVENTER,ST LOUIS,MO,,
330 CHESTNUT ST,WEBSTER GROVES,MO,,ST LOUIS
2934 MILTON BLVD,ST LOUIS,MO,,
4493 FOREST PARK BL,ST LOUIS,MO,,
-9999,KIRKWOOD,MO,,
1245 SHAWMUT PLACE,ST LOUIS,MO,,
720 N MAIN ST,ST LOUIS,MO,,
2408 NORTH TAYLOR AVENUE,ST LOUIS,MO,,
2913 A SOUTH JEFFERSON AVE,ST LOUIS,MO,,
2030 OBEAR AVENUE,ST LOUIS,MO,,
4105 WESTMINSTER,ST LOUIS,MO,,
1402A SOUTH COMPTON,ST LOUIS,MO,,
9615 LACKLAND RD,OVERLAND,MO,,ST LOUIS
513 OLIVE STREET,ST LOUIS,MO,,
-9999,ROBERTSON,MO,,ST LOUIS
5323 WELLS AVENUE,ST LOUIS,MO,,
4857-59 MAFFITT AVENUE,ST LOUIS,MO,,
4434 ITASKA STREET,ST LOUIS,MO,,
4804 WEST FLORRISANT AVENUE,ST LOUIS,MO,,
702 WESTGATE,UNIVERSITY,MO,,ST LOUIS
2808 LEMP AVE,ST LOUIS,MO,,
5024 MILENZ AVENUE,ST LOUIS,MO,,
4954 WASHINGTON AVENUE,ST LOUIS,MO,,
917 BELT AVENUE,ST LOUIS,MO,,
-99,VALLEY PARK,MO,,
5818 ROOSEVELT PLACE,ST LOUIS,MO,,
1129 MCCAUSLAND AVENUE,ST LOUIS,MO,,
4030 ALDINE AVENUE,ST LOUIS,MO,,
1708 BACON STREET,ST LOUIS,MO,,
6062 CATES,ST LOUIS,MO,,
5519 PENNSYLVANIA AVENUE,ST LOUIS,MO,,
7800 MICHIGAN AVENUE,ST LOUIS,MO,,
6102 WATERMAN AVENUE,ST LOUIS,MO,,
BELLERIVE & FLORISSANT RD,NORMANDY,MO,,ST LOUIS
4652 WILCOX AVE,ST LOUIS,MO,,
3301 SHENANDOAH AVENUE,ST LOUIS,MO,,
-9999,ROLLA,MO,,PHELPS
4567 WICHITA AVENUE,ST LOUIS,MO,,
2659 GRAVOIS AVENUE,ST LOUIS,MO,,
-9999,,MO,,ST LOUIS
SILEX R F D,,MO,,LINCOLN
4721 MCPHERSON AVENUE,ST LOUIS,MO,,
5479 DELMAR,ST LOUIS,MO,,EASTERN
2219 MCNAIR AVE,ST LOUIS,MO,,
4361 FINNEY AVENUE,ST LOUIS,MO,,
4112 W GREENLEA PL,ST LOUIS,MO,,
-9999,SAFE,MO,,MARIES
7161 LYNDOVER PLACE,,MO,,ST LOUIS
902 ST CHARLES ST,ST LOUIS,MO,,
2615 FRANKLIN AVE,ST LOUIS,MO,,
5253 NEOSHO STREET,ST LOUIS,MO,,
4950 BANCROFT AVENUE,ST LOUIS,MO,,
4532 MICHIGAN AVENUE,ST LOUIS,MO,,
4615 LINDELL BL,ST LOUIS,MO,,
3157 RUSSELL PLACE,ST LOUIS,MO,,
3214 MAGNOLIA AVENUE,ST LOUIS,MO,,
16 PITTMAN PLACE,KIRKWOOD,MO,,ST LOUIS
3029 RAUCHENBACH ST,ST LOUIS,MO,,
#4414 DELMAR BOULEVARD,ST LOUIS,MO,,
-9999,JEROME,ID,,PHELPS
5446 HELEN AVENUE,PINE LAWN,MO,,ST LOUIS
1641 LULA AVENUE,ST LOUIS,MO,,
3225 PINE STREET,ST LOUIS,MO,,
1308A WOODLAND DRIVE,RICHMOND HEIGHTS,MO,,ST LOUIS
5330 LANSDOWNE AVENUE,ST LOUIS,MO,,
4464 EASTON AVENUE,ST LOUIS,MO,,
1103 SAN BERNARDINO,NORMANDY,MO,,ST LOUIS
1218 NORTH EIGHTH STREET,ST LOUIS,MO,,
6290 MARMADUKE AVE,ST LOUIS,MO,,
7447 CROMVELL AVENUE,,MO,,ST LOUIS
6136 DELMAR BLVD,ST LOUIS,MO,,
610 LAFAYETTE,ST LOUIS,MO,,
4412 W BELLE PLACE,ST LOUIS,MO,,
5455 DELMAR BLVD,ST LOUIS,MO,,
2200 INDIANA AVE,ST LOUIS,MO,,
5891 MINERVA,ST LOUIS,MO,,
3624A VIRGINIA AVENUE,ST LOUIS,MO,,
4626 MINNESOTA AVENUE,ST LOUIS,MO,,
1101 CENTRAL AVENUE,ST LOUIS,MO,,
1024 CUMBERLAND DR,RICHMOND HTS,MO,,ST LOUIS
2704 LYNDHURST  RD,,MO,,ST LOUIS
4565A CLARENCE,ST LOUIS,MO,,
6239 ROSEBURY AVENUE,ST LOUIS,MO,,
4615 LINDELL BLVD,ST LOUIS,MO,,
4238 CLEVELAND AVENUE,ST LOUIS,MO,,
CALEDONIA RT,,MO,,WASHINGTON
3400 MORGANFORD ROAD,ST LOUIS,MO,,
1326 WASHINGTON AVENUE,ST LOUIS,MO,,
NEW PLAZA HOTEL 33RD & OLIVE STREETS,ST LOUIS,MO,,
227 ORCHARD AVENUE,WEBSTER GROVES,MO,,ST LOUIS
-9999,,MO,,ST LOUIS
6035 SUBURBAN AVE,ST LOUIS,MO,,
1523 LEWIS AVE,,MO,,ST LOUIS
1701 LANDRETH BUILDING 320 NORTH FOURTH STREET,ST LOUIS,MO,,
5093 WASHINGTON BLVD,ST LOUIS,MO,,
6715 HOFFMAN AVE,ST LOUIS,MO,,
5742 CHAMBERLIAN AVENUE,ST LOUIS,MO,,
3664 OMEARA AVENUE,ST LOUIS,MO,,
3311 FRANKLIN AVENUE,ST LOUIS,MO,,
3902 N GRAND BLVD,ST LOUIS,MO,,
8020 FORSYTHE BOULEVARD,CLAYTON,MO,,ST LOUIS
5702 DEVONSHIRE AVENUE,ST LOUIS,MO,,ST LOUIS
2245 HOWARD ST,ST LOUIS,MO,,
3205A CAROLINE STREET,ST LOUIS,MO,,
7719 LANDSDOWNE,WEBSTER GROVES,MO,,ST LOUIS
5606A DELMAR AVENUE,ST LOUIS,MO,,
2129 OREGON AVENUE,ST LOUIS,MO,,
3744 KEOKUK STREET,ST LOUIS,MO,,
505 S ELLIOT AVENUE,KIRKWOOD,MO,,ST LOUIS
3939 CASTLEMAN AVENUE,ST LOUIS,MO,,
3835 SO SPRING AVENUE,ST LOUIS,MO,,
2037 MOORE AVE,ST CHARLES,MO,,ST CHARLES
5934 THEODOSIA,ST LOUIS,MO,,
2643 PENNSYLVANIA AVENUE,ST LOUIS,MO,,
1925 N 15TH ST,ST LOUIS,MO,,
605 WESLEY AVENUE,FERGUSON,MO,,ST LOUIS
1139 LOUISVILLE AVE,ST LOUIS,MO,,
3242A SOUTH  GRAND BOULEVARD,SAINT LOUIS,MO,,
304-10 SKINKER BOULEVARD,ST LOUIS,MO,,
R F D #1,CREVE COEUR,MO,,ST LOUIS
-9999,MEXICO,MO,,
1544A NORTH SEVENTEENTH STREET,ST LOUIS,MO,,
6953 ARTHUR AVENUE,ST LOUIS,MO,,
4764 ST LOUIS AVENUE,ST LOUIS,MO,,
4115 ITASKA STREET,ST LOUIS,MO,,
6318 W FLORISSANT AVE,ST LOUIS,MO,,
3521 JUNIATA STREET,ST LOUIS,MO,,
2118 MULLANPHY ST,ST LOUIS,MO,,
5566 CATES AVENUE,ST LOUIS,MO,,
5337 NORTH UNION BLVD; 5271 EMERSON AVENUE,ST LOUIS,MO,,
719 HARVARD AVENUE,UNIVERSITY,MO,,ST LOUIS
-9999,OWENSVILLE,MO,,GASCONADE
-9999,CUBA,MO,,CRAWFORD
3100 NORTH GRAND AVE,ST LOUIS,MO,,
8704 WINDOM AVE,ST LOUIS,MO,,ST LOUIS
4438 OLIVE STREET,ST LOUIS,MO,,
1548A SOUTH BROADWAY,ST LOUIS,MO,,
5078 EASTON AVENUE,ST LOUIS,MO,,
2834 MICHIGAN AVENUE,ST LOUIS,MO,,
-9999,AFFTON,MO,,ST LOUIS
4821 PENROSE AVENUE,ST LOUIS,MO,,
-9999,HERMANN,MO,,GASCONADE
3015 SHENANDOAH AVE,ST LOUIS,MO,,
2333 DAVID AVENUE,OVERLAND,MO,,ST LOUIS
6463 SMILEY AVENUE,ST LOUIS,MO,,
4300 STRODTMANN PLACE,ST LOUIS,MO,,
5514A EASTON AVENUE,ST LOUIS,MO,,
6201 WESTMINSTER PLACE,ST LOUIS,MO,,
3321 TEXAS AVENUE,ST LOUIS,MO,,
1314 HIGHLAND TERRACE,,MO,,ST LOUIS
4626 TYROLEAN AVENUE,ST LOUIS,MO,,
6548 JULIAN AVE,UNIVERSITY,MO,,
4563 LACLEDE AVENUE,ST LOUIS,MO,,
2760 CLARK AVENUE,ST LOUIS,MO,,
265 NORTH UNION BOULEVARD,ST LOUIS,MO,,
3633A MARCELINE TERRACE,ST LOUIS,MO,,
2123A SOUTH NINTH ST,ST LOUIS,MO,,
4469 WASHINGTON AVENUE,ST LOUIS,MO,,
8301 FLORA BLVD,OVERLAND,MO,,
2708 ANN AVENUE,ST LOUIS,MO,,
5219 GRAVOIS AVENUE,ST LOUIS,MO,,
3623 LACLEDE AVE,ST LOUIS,MO,,
741 EASTGATE,UNIVERSITY,MO,,
5641 CLEMENS AVENUE,ST LOUIS,MO,,
NO 2 STRATFORD LANE,ST LOUIS,MO,,ST LOUIS
3843 OLIVE STREET,ST LOUIS,MO,,
4216A PRAIRIE AVENUE,ST LOUIS,MO,,ST LOUIS
529 EILER AVENUE,ST LOUIS,MO,,
5920 MINERVA,ST LOUIS,MO,,
2311A S COMPTON,ST LOUIS,MO,,
9809 JEFFREY,ST LOUIS,MO,,
4164 WESTMINISTER PLACE,ST LOUIS,MO,,
6205 LEDORELA,PINE LAWN,MO,,ST LOUIS
3601 SOUTH BROADWAY,ST LOUIS,MO,,
-99,ST LOUIS,MO,,
2017 MCCAUSLAND,ST LOUIS,MO,,
6901 ARTHUR AVENUE,ST LOUIS,MO,,
2747 EADS AVENUE,ST LOUIS,MO,,
4152 CASTLEMAN AVENUE,ST LOUIS,MO,,
3965A GRATIOT,ST LOUIS,MO,,
2600 BELLEVUE,MAPLEWOOD,MO,,ST LOUIS
4421A PAGE AVENUE,ST LOUIS,MO,,
2017 SO JEFFERSON AVE,ST LOUIS,MO,,
2263 MISSOURI AVNEUE,ST LOUIS,MO,,
2716 ALLEN AVENUE,ST LOUIS,MO,,
4269 ENRIGHT AVENUE,ST LOUIS,MO,,
-9999,RUSH HILL,MO,,
3664 WASHINGTON BOULEVARD,ST LOUIS,MO,,
USONA HOTEL  5004 WATERMAN AVENUE,ST LOUIS,MO,,
4219 MCPHERSON,ST LOUIS,MO,,
3517A SHENANDOAH ST,ST LOUIS,MO,,
3644 NATURAL BRIDGE,ST LOUIS,MO,,
4343 FINNEY AVENUE,ST LOUIS,MO,,
1017 NO 18TH STREET,ST LOUIS,MO,,
1512 BELLGLADE AVENUE,ST LOUIS,MO,,
4646 SAN FRANCISCO,ST LOUIS,MO,,
1725 MISSISSIPPI AVE,ST LOUIS,MO,,
711 HEMAN AVE,UNIVERSITY,MO,,ST LOUIS
3547 ROY AVENUE,OVERLAND,MO,,ST LOUIS
143 HAMMEL,WEBSTER GROVES,MO,,ST LOUIS
1025 TOMPKINS STREET,ST CHARLES,MO,,ST CHARLES
4116A SHAW BOULEVARD,ST LOUIS,MO,,
4330 SOUTH MAIN STREET,ST LOUIS,MO,,
3231 MOUNT PLEASANT (REAR),ST LOUIS,MO,,
4424 MCPHERSON AVENUE,ST LOUIS,MO,,
2201 A MONTGOMERY,ST LOUIS,MO,,
4229 LAFAYETTE,ST LOUIS,MO,,
4016 FLAD,ST LOUIS,MO,,
7288 WESTMORLAND,UNIVERSITY,MO,,ST LOUIS
3634 SOUTH JEFFERSON,ST LOUIS,MO,,
3932 PAGE,ST LOUIS,MO,,
19 N NEWSTEAD AVENUE; 4405 WEST PINE BLVD,ST LOUIS,MO,,
1745 MISSOURI AVENUE,ST LOUIS,MO,,
8027 GLEN ECHO DRIVE,,MO,,ST LOUIS
4516 ST FERDINAND AVENUE,ST LOUIS,MO,,
447 EICHELBERGER,ST LOUIS,MO,,
1510 MARKET STREET PALACE HOTEL,ST LOUIS,MO,,ST LOUIS
1428 N 21ST,ST LOUIS,MO,,
4254 LINDELL,ST LOUIS,MO,,
5347 VERNON AVE,ST LOUIS,MO,,
5633 PAGE AVENUE,ST LOUIS,MO,,
5957 HAMILTON TERRACE,ST LOUIS,MO,,
3940 NORTH TAYLOR,ST LOUIS,MO,,
1028 MCCAUSLAND AVENUE,ST LOUIS,MO,,
2902A KEOKUK STREET,ST LOUIS,MO,,
ROUTE 8,LEMAY,MO,,ST LOUIS
3842 CONNECTICUT,ST LOUIS,MO,,
4109 DELMAR,SAINT LOUIS,MO,,
CENTER STREET,BISMARCK,MO,,ST FRANCOIS BUTLER
5916 WASHINGTON AVENUE,ST LOUIS,MO,,
5820 CLEMENS,ST LOUIS,MO,,
1909 SOUTH COMPTON AVENUE,ST LOUIS,MO,,
3533A LAFAYETTE AVENUE,ST LOUIS,MO,,
2801A THOMAS ST,ST LOUIS,MO,,
2606 OAKVIEW,MAPLEWOOD,MO,,
2803A SHERIDAN,ST LOUIS,MO,,
5099C WELLS,ST LOUIS,MO,,
1704 N SARAH STREET,ST LOUIS,MO,,
BOX 7 ROUTE #1,ROBERTSON,MO,,ST LOUIS
6428A ALAMO,CLAYTON,MO,,ST LOUIS
1908 PARK AVENUE,ST LOUIS,MO,,
307 WEST LOCKWOOD AVENUE,WEBSTER GROVES,MO,,ST LOUIS
3235 VICTORIA,ST LOUIS,MO,,
3433 MINNESOTA,ST LOUIS,MO,,
4991 QUINCY STREET,ST LOUIS,MO,,
4343 LINDELL BOULEVARD,ST LOUIS,MO,,MADISON
2628 OAKVIEW ST,MAPLEWOOD,MO,,ST LOUIS
4738 WASHINGTON,ST LOUIS,MO,,
1317 ALLEN AVENUE,ST LOUIS,MO,,
6240 GOENER AVENUE,ST LOUIS,MO,,
1702A S VANDEVENTER,ST LOUIS,MO,,
4060A LABADIE,ST LOUIS,MO,,
508 HILLSIDE AVE,WEBSTER GROVES,MO,,ST LOUIS
5889 MAFFITT AVENUE,ST LOUIS,MO,,
3966 WIMINGTON AVENUE,ST LOUIS,MO,,
5118 NORTH BROADWAY,ST LOUIS,MO,,
3312A N 21ST ST,ST LOUIS,MO,,
1717 THURMAN AVENUE,ST LOUIS,MO,,
4028 LAFAYETTE,ST LOUIS,MO,,
,ST LOUIS,MO,,
,BLAIN,AL,,
,NEW YORK,NY,,
,COLUMBUS,GA,,
,MILWAUKEE,WI,,
,ST HELENA,CA,,
,ST LOUIS,IL,,
,FARMINGTON,MO,,
,SAN FRANCISCO,CA,,
,DE SOTO,MO,,
,QUINCY,IL,,
,PHILIDELPHIA,PA,,
,CHICAGO,IL,,
,NEW YORK,NY,,
,CINCINNATI,OH,,
,BOSTON,MA,,
,PADUKAH,KY,,
,BONNE TERRE,MO,,
,CLEVELAND,OH,,
,LICHFIELD,MS,,
,PHILADELPHIA,PA,,
,BOSTON,MO,,
,NORTHAMPTON,MA,,
,FLORA,IL,,
,PAINESVILLE,OH,,
,JERSEY,NJ,,
,EAST ST LOUIS,MO,,
,HARTFORD,CT,,
,PROVIDENCE,RI,,
,FERGUSON,MO,,
,ST CHARLES,MO,,
,ST LOUIS,,,
,MULBERRY GROVE,IL,,
,WINCHENDON,MA,,
,HOUSTON,TX,,
,,WI,,
,DETROIT,MS,,
,CAPE GIRARDEAU,MO,,
,BUFFALO,NY,,
,LOUISVILLE,KY,,
,SHIPMAN,IL,,
,SAGINAW,MS,,
,KANSAS,MO,,
,ALLENSVILLE,KY,,
,CALIFORNIA,CA,,
,PINE BLUFF,AR,,
,ADAMSTOWN,PA,,
,SCHAEFFERSTOWN,PA,,
,EPHRATA,PA,,
,READING,PA,,
,LITITZ,PA,,
,TERRE HILL,PA,,
,DENVER,PA,,
,WINDSOR,PA,,
,WE SHERRYS,PA,,
,FELTON,PA,,
,YORKANA,PA,,
,MONTPELIER,VT,,
,HERMANN,MO,,
,ROCHESTER,NY,,
,NEWARK,NY,,
,FAIRHAVEN,MA,,
,WEBSTER,MA,,
,NEWARK,NJ,,
,RICHMOND,VA,,
,GRAND RAPIDS,MS,,
,BROCKTON,MA,,
,INDIANAPOLIS,IN,,
,BROOKLYN,NY,,
,LEAVENWORTH,KS,,
,BRADFORD,PA,,
,CONNERSVILLE,IN,,
,EFFINGHAM,IL,,
,MURPHYSBORO,IL,,
,CORRY,PA,,
,JEFFERSON,MO,,
,NEWCASTLE,IN,,
,MCMINNVILLE,TN,,
,PETERSBURG,IL,,
,GIRARD,IL,,
,DUBOIS,PA,,
,CLINTON,KY,,
,BLOOMINGTON,IN,,
,CLEARFIELD,PA,,
,CANNELTON,IN,,
,JERSEYVILLE,IL,,
,GREENSBURG,IL,,
,GREENFIELD,TN,,
,ORLEANS,IN,,
,SULLIVAN,IN,,
,SEYMOUR,IN,,
,SEDALIA,MO,,
,RUSHVILLE,IN,,
,ROCHESTER,PA,,
,DALLAS,TX,,
,JOPLIN,MO,,
,TELL,IN,,
,TEXARKANA,AR,,
,HUMBOLDT,TN,,
,EAST ST LOUIS,IL,,
,LATROBE,PA,,
,NEW KENSINGTON,PA,,
,RICHMOND,IN,,
,PUNXSUTAWNEY,PA,,
,OTTAWA,IL,,
,IRWIN,PA,,
,ELLWOOD,PA,,
,DECATUR,IL,,
,CANONSBURG,PA,,
,CLINTON,MO,,
,SPRINGFIELD,IL,,
,WASHINGTON,MD,,
,MOBERLY,MO,,
,MT JEWETT,PA,,
,MATTOON,IL,,
,HUNTSVILLE,MO,,
,CALIFORNIA,MO,,
,MEADVILLE,PA,,
,MARION,IN,,
,KANE,PA,,
,LITCHFIELD,IL,,
,PRINCETON,IN,,
,ST MARYS,PA,,
,MEXICO,MO,,
,CHAMPAIGN,IL,,
,CARTHAGE,MO,,
,CARROLLTON,IL,,
,CARTERSVILLE,MO,,
,DYERSBURG,TN,,
,PINCKNEYVILLE,IL,,
,PETERSBURGH,IN,,
,PRESCOTT,AR,,
,MARTINSVILLE,IN,,
,MCDONALD,PA,,
,MITCHELL,IN,,
,WASHINGTON,PA,,
,TYRONE,PA,,
,WEBB,MO,,
,RICHMONDVILLE,IN,,
,CAIRO,IL,,
,FREEPORT,PA,,
,MILAN,MO,,
,PULASKI,PA,,
,PEKIN,IL,,
,PEORIA,IL,,
,LINCOLN,IL,,
,MACON,MO,,
,HUNTINGTON,TN,,
,FAYETTEVILLE,TN,,
,EDENBURGH,IN,,
,CONNELLSVILLE,PA,,
,LA PLATA,MO,,
,LOUISIANA,MO,,
,SPRINGFIELD,MO,,
,SALEM,MO,,
,JONESBORO,IL,,
,PITTSBURGH,PA,,
,SHARON,PA,,
,SALEM,IL,,
,NEVADA,MO,,
,MUNCIE,IN,,
,JACKSONVILLE,IL,,
,HUNTSVILLE,AL,,
,GREENSBURG,IN,,
,CAMBRIDGE SPRINGS,PA,,
,MT PULASKI,IL,,
,OIL,PA,,
,MOLINE,IL,,
,WORTHINGTON,IN,,
,BLAIRSVILLE,PA,,
,ALTON,IL,,
,PADUCAH,KY,,
,CLARKSVILLE,TN,,
,MONMOUTH,IL,,
,LA SALLE,IL,,
,SHELBYVILLE,TN,,
,REYNOLDSVILLE,PA,,
,BLOOMSBURG,PA,,
,BUTLER,PA,,
,BUSHNELL,IL,,
,EAST MOLINE,IL,,
,SALEM,IN,,
,BEDFORD,IN,,
,LITTLE ROCK,AR,,
,ASH GROVE,MO,,
,ARKADELPHIA,AR,,
,ST PAUL,MN,,
,ST PUAL,MN,,
,ELKHART,IN,,
,TERRE HAUTE,IN,,
,PANA,IL,,
,TAYLORVILLE,IL,,
,TIPTON,MO,,
,FORDYCE,AR,,
,MENA,AR,,
,PARKDALE,AR,,
,BIRMINGHAM,AL,,
,BALTIMORE,MD,,
,HOLYOKE,MA,,
,COLUMBIA,PA,,
,,,,
,WINCHESTER,VA,,
,TROY,NY,,
,PITTSBURG,PA,,
,SUMMITVILLE,IN,,
,NEW ORLEANS,LA,,
,UNKNOWN,,,
,AKRON,OH,,
,PELHAM,SC,,
,CHATTANOOGA,TN,,
,NEW YROK,NY,,
,CONNELLSVILLE,NY,,
,FREEPORT,IL,,
,DETRIOT,MS,,
,LANCASTER,PA,,
,EAST LIVERPOOL,OH,,
,GLASGOW SCOTLAND,,,
,TOLEDO,OH,,
,HOT SPRINGS,AR,,
,TOPLIN,MO,,
,WEBSTER GROVE,MO,,
,NASHVILLE,TN,,
,JONESBORO,AR,,
,MEMPHIS,TN,,
,DENVER,CO,,
,ST THOMAS,,,
,SPRINFIELD,IL,,
,HARTFORT,AR,,
,BRUNSWICK,MO,,
,MARTINSBURG,MO,,
,FREMONT,NY,,
,DAYTON,OH,,
,PALMER,MA,,
,RICHMOND,MO,,
,FILLMORE,IL,,
,ROODHOUSE,IL,,
,ST JACOBS,IL,,
,EVANSVILLE,IN,,
,NORTH ATTLEBORO,MA,,
,ATTLEBORO,MA,,
,PLAINVILLE,MA,,
,LEXINGTON,KY,,
,MILWAUKEE,MS,,
,ST LOUIS,KY,,
,BERLIN,,,
,TOPEKA,KS,,
,TWO RIVER,WI,,
,CLAYTON,MO,,
,BELLFLOWER,MO,,
,KALAMAZOO,MS,,
,DESOTO,MO,,
,WORCESTER,MA,,
,ST LOUIS,,,
,FLORISSANT,MO,,
,BOULEVARD,CA,,
,BAY,MS,,
,STERLING,IL,,
,CEDAR RAPIDS,IA,,
,PARIS,IL,,
,GLOVERSVILLE,NY,,
,TIPPECANOE,OH,,
,ST PARIS,OH,,
,ROCK ISLAND,IL,,
,CEDAR FALLS,IA,,
,DULUTH,MN,,
,DECANTER,IL,,
,CARUTHERSVILLE,MO,,
,ASHLAND,OH,,
,ELIZABETHTOWN,PA,,
,HARVARD,IL,,
,WELLSTON,MO,,
,CINCINNATI,IN,,
,KEENE,NH,,
,DORCHESTER,MA,,
,HARDWICK,VT,,
,WESTON,WV,,
,MONROE,MO,,
,VERSAILLES,MO,,
,,VT,,
,JUNCTION,VT,,
,ALTOONA,NY,,
,BARRE,VT,,
,BRADFORD,VT,,
,BURLINGTON,VT,,
,FAIRHAVEN,CT,,
,CAMBRIDGE PORT,MA,,
,LADDONIA,MO,,
,WENTZVILLE,MO,,
,PERRY,MO,,
,SANTA FE,MO,,
,SLATER,MO,,
,BENTON,MO,,
,CENTRALIA,MO,,
,PARAGOULD,AR,,
,BELOIT,WI,,
,SPRINGFIELD,OH,,
,COVINGTON,KY,,
,GALESBURGH,IL,,
,COSHOCTON,OH,,
,OAKVILLE,MO,,
,ARGENTA,AR,,
,BISMARCK,MO,,
,DAYTON,MO,,
,VALLEY PARK,MO,,
,NEW BRUNSWICK,NJ,,
,ATLANTA,GA,,
,CANTON,OH,,
,WEBSTER GROVES,MO,,
,E ST LOUIS,IL,,
,OWENSVILLE,MO,,
,RED WING,MN,,
,MACON,MS,,
,TUSCALOOSA,AL,,
,LOS ANGELES,CA,,
,ORANGE,CA,,
,OAKLAND,CA,,
,AITKIN,MN,,
,MINNEAPOLIS,MN,,
,KENOSHA,WI,,
,CHARLOTTE,NC,,
,,IN,,
,SYRACUSE,NY,,
,HARTLAND,ME,,
,NORMANDY,MO,,
,ST JOSEPH,MO,,
,DEVENPORT,IA,,
,PARK RIDGE,NJ,,
,WABASH,IN,,
,E ST LOUIS,MO,,
,BELLEVILLE,MO,,
,SILEX,MO,,
,BELLEVILLE,IL,,
,BRISTOL,TN,,
,SARDIS,MS,,
,BATESVILLE,MS,,
,GRENADA,MS,,
,VICKSBURG,MS,,
,COVINGTON,TN,,
,COURTLAND,MS,,
,CLYDE,OH,,
,SARATOGA SPRINGS,NY,,
,ELLSINORE,MO,,
,JACKSON,TN,,
,WHEELING,WV,,
,WRIGHTSVILLE,PA,,
,REIDSVILLE,NC,,
,LANSDALE,PA,,
,SALEM,NC,,
,NEWARK,OH,,
,WATERLOO,IN,,
,EDWARDSVILLE,IL,,
,CARLISLE,KY,,
,MAYFIELD,KY,,
,WACO,TX,,
,EAST SYRACUSE,NY,,
,BLAND,MO,,
,ROCKFORD,IL,,
,WAUKESHA,WI,,
,PORTCHESTER,NY,,
,TRENTON,NY,,
,MANSFIELD,OH,,
,HILLSBORO,OH,,
,MILLLERSBURG,PA,,
,BRIDGEPORT,CT,,
,ERIE,PA,,
,CATTARAUGUS,NY,,
,COLUMBUS,OH,,
,BANTAM,CT,,
,SALEM,OH,,
,SUPERIOR,WI,,
,LANCASTER,OH,,
,MARSHALLTOWN,IA,,
,RACINE,WI,,
,STURGIS,MS,,
,TRENTON,NJ,,
,HAYDENVILLE,MA,,
,GRAND HAVEN,MS,,
,WILMINGTON,DE,,
,ANDERSON,IN,,
,JAMESTOWN,NY,,
,CARPENTERVILLE,IL,,
,IRVINGTON,NJ,,
,AMBLER,PA,,
,HOMESTEAD,PA,,
,LOWELL,MA,,
,DUBUQUE,IA,,
,BRADDOCK,PA,,
,MUSKEGON,MS,,
,EVANASVILLE,IN,,
,WAUKEGAN,IL,,
,WEDSWORTH OH,OH,,
,OSWEGO,NY,,
,JEANETTE,PA,,
,BLUFFTON,IN,,
,ROSELLE,NJ,,
,UTICA,NY,,
,SPRINGFIELD,MA,,
,MEDINA,NY,,
,ELMIRA,NY,,
,BATTLE CREEK,MS,,
,NEWCASTLE,PA,,
,LYNN,MA,,
,VICKSBURG,MS,,
,ALLEGHENY,PA,,
,GREENFIELD,MA,,
,WATERTOWN,NY,,
,CONSHOHOCKEN,PA,,
,YOUNSGTOWN,OH,,
,DANVERS,MA,,
,GREENSBURG,PA,,
,SOUTH BEND,IN,,
,E LIVERPOOL,OH,,
,ST ALBANS,VT,,
,STEELEVILLE,IL,,
,AURORA,IL,,
,NEWBURGH,NY,,
,HOMESTEAD,IA,,
,LACROSSE,WI,,
,SO VIENNA,OH,,
,FT SCOTT,KS,,
,PORTLAND,ME,,
,DURHAM,NC,,
,WILLIAMSPORT,PA,,
,GREENVILLE,IL,,
,WASHINGTON,DC,,
,NORFOLK,VA,,
,ILION,NY,,
,LONDON,,,
,ROCHEPORT,NY,,
,GARFIELD,NY,,
,NEW BERLIN,NY,,
,NIAGARA FALLS,NY,,
,ONEEDA,NY,,
,WARSAW,NY,,
,COOKSTOWN,,,
,BELLFAST,,,
,PAWTUCKET,RI,,
,CLINTON,MS,,
,GREENSBORO,NC,,
,APPLETON,WI,,
,BUCKLAND,CT,,
,PRINCETON,NJ,,
,BARABOO,WI,,
,STAFFORD SPRINGS,CT,,
,KNOXVILLE,TN,,
,LACON,IL,,
,MENASHA,WI,,
,WINNIPAUK,CT,,
,PITTSFIELD,MA,,
,WATERBURY,CT,,
,SANDUSKY,OH,,
,MINSTER,OH,,
,PIQUA,OH,,
,URBANA,IL,,
,MIDDLETON,,,
,HANNIBAL,MO,,
,FRANKFORT,KY,,
,OLNEY,IL,,
,ENDICOTT,NY,,
,MARQUAND,MO,,
,FESTUS,MO,,
,DES ARC,MO,,
,BUNKER,MO,,
,CHESTER,IL,,
,DEKALB,IL,,
,JOLIET,IL,,
,LOUISIANA,,,
,FLAT RIVER,MO,,
,ORANGE PARK,FL,,
,DE PERE,WI,,
,LATONIA,KY,,
,CLAFLIN,KS,,
,,,,
,WYOMING,IL,,
,LAFAYETTE,NY,,
,GREENVILLE,TX,,
,KEOKUK,IA,,
,COLUMBIA,MO,,
,JACKSONVILLE,FL,,
,FULTON,KY,,
,,KY,,
,HUDSON,NY,,
,LITTLE FALLS,NY,,
,NORTHVILLE,NY,,
,PERRY,NY,,
,REINHOLDT,PA,,
,MOHNTON,PA,,
,MACUNGIE,PA,,
,PASSAIC,NJ,,
,CAMDEN,NJ,,
,KINSTON,NC,,
,INDIAN ORCHARD,MA,,
,AQUEDUCT,,,
,CHICAGO HEIGHTS,IL,,
,DECATUR,IN,,
,DAYTON,TN,,
,MACON,GA,,
,BELLEFONTAINE,OH,,
,LANSING,MS,,
,CRAWFORDSVILLE,IN,,
,KENTON,OH,,
,BELLECENTER,OH,,
,AUBURN,IN,,
,ANGOLA,NY,,
,MINERVA,OH,,
,PENDLETON,IN,,
,MILLTOWN,NJ,,
,TIFFIN,OH,,
,GROVE,PA,,
,MELROSE HIGHLANDS,MA,,
,ITHACA,NY,,
,TROY,OH,,
,FT WAYNE,IN,,
,GREENVILLE,OH,,
,LEIPSIC,OH,,
,URBANA,OH,,
,HUNTSVILLE,OH,,
,RUSHSYLAVANIA,OH,,
,STEUBENVILLE,OH,,
,HANOVER,PA,,
,CHELSEA,MA,,
,BLOOMINGTON,IL,,
,JOHIT,IL,,
,ST PAUL,MS,,
,ADRIAN,MS,,
,NEWTON,,,
,GOSHEN,IN,,
,PERRY,,,
,,MO,,
,ZANESVILLE,OH,,
,DALPHOS,OH,,
,DERBY,CT,,
,SENECA,MO,,
,FLORRISANT,MO,,
,JERSEY,MO,,
,ST LOUIS MO,MO,,
,BENTON HARBON,MS,,
,BOSTON,MS,,
,NEW HAVEN,CT,,
,NEW YORK,MO,,
,BAYONNE,NJ,,
,PHILADELPHIA,MO,,
,BELLOWS FALLS,VT,,
,SCHUYIKILL HAVEN,PA,,
,ST CHICAGO,IL,,
,MAPLEWOOOD,MO,,
,MAPLEWOOD,MO,,
,AFFTON,MO,,
,BRIDGEPORT,CO,,
,ST LOUISE,MO,,
,PALMYRA,PA,,
,WILLSTON,MO,,
,UNIVERSITY,MO,,
,OVERLAND,MO,,
,PACIFIC,MO,,
,BUFFALO,NJ,,
,HARTFORD,CO,,
,POPLAR BLUFF,MO,,
,MINNEAPOLIS,MS,,
,WEST JACKSON,MS,,
,OTTUMWA,IA,,
,OMAHA,NE,,
,INDIANORCHARD,MA,,
,BURNSVILLE,NJ,,
,CINCINATTI,OH,,
,FRAMINGHAM,MA,,
,ELIZABETH,NJ,,
,CHICAGO,MO,,
,KIRKWOOD,MO,,
,HAMBURG,IA,,
,WRIGHT,MO,,
,COFFMAN,MO,,
,LEADWOOD,MO,,
,BONNER SPRINGS,KS,,
,DOERUN,MO,,
,DESLOGE,MO,,
,MUSCOGEE,OK,,
,,IL,,
,WARSAW,IL,,
,FENTON,MO,,
,CRYSTAL,MO,,
,GLEN CARBON,IL,,
,DUNKIRK,NY,,
,PATTAPOISETT,MA,,
,BELVIDERE,IL,,
,PALMER,TX,,
,UNADILLA,NY,,
,SAINT LOUIS,MO,,
,DONIPHAN,MO,,
,GREENFIELD,OH,,
,NATIONAL STOCK YARDS,IL,,
,HERCULANEUM,MO,,
,BORDENTOWN,NJ,,
,NEW ORLEANS,AL,,
,PILOT GROVE,MO,,
,EMDEN,IL,,
,LIBERTY,IL,,
,KENNETT,MO,,
,MALDEN,MO,,
,GRAYVILLE,IL,,
,BONNETTS MILL,MO,,
,AUXVASSE,MO,,
,MOUNT ERIE,IL,,
,ASHLEY,IL,,
,TIBBETTS,MO,,
,,MO,,
,PEVELY,MO,,
,DES LOGE,MO,,
,GARY,IN,,
,DANBURY,CT,,
,MILWAKEE,WI,,
,ELYRIA,OH,,
,BELLAIRE,OH,,
,GRANITE,IL,,
,SHEBOYGAN,WI,,
,SIDNEY,OH,,
,OAK PARK,IL,,
,WAUSAU,WI,,
,HAYES,KS,,
,JEANNETTE,PA,,
,KEWAUNEE,WI,,
,SHELBURNE FALLS,MA,,
,CAMBRIDGE,IN,,
,OSHKOSH,WI,,
,LONG ISLAND,NY,,
,DES MOINES,IA,,
,PERRYVILLE,MO,,
,WOOD RIVER,IL,,
,SULLIVAN,MO,,
,CARSONVILLE,MO,,
,YOUNGSTOWN,OH,,
,SELLERS,LA,,
,WICHITA,KS,,
,ROLLA,MO,,
,BOWLING GREEN,KY,,
,ANACONDA,MO,,
,BOURBON,MO,,
,PARIS,MO,,
,MASHVILLE,TN,,
,MAPLEWOOD,MN,,
,CARBONDALE,PA,,
,WINONA,MN,,
,LAKE SPRINGS,MO,,
,TORRINGTON,CT,,
,ANUTT,MO,,
,LECOMA,MO,,
,ALEXANDRIA,LA,,
,WARREN,AR,,
,CENTREVILLE,AL,,
,HUGHES SPRINGS,TX,,
,VARDAMAN,MS,,
,COLUMBUS,MS,,
,ALEXANDER,AL,,
,VALDOSTA,GA,,
,MONTGOMERY,AL,,
,WASHINGTON,AR,,
,WILMAR,AR,,
,PASS CHRISTIAN,MS,,
,CORINTH,MS,,
,UNIFORM,AL,,
,HODGE,LA,,
,HOUGHTON,LA,,
,MONROE,LA,,
,CARGILE,AR,,
,NACOGDOCHES,TX,,
,HATTIESBURG,MS,,
,BEAUMONT,TX,,
,REFORM,AL,,
,SHREVEPORT,LA,,
,ELECTRIC MILLS,MS,,
,CLYDE,MS,,
,KOSCIUSKO,MS,,
,MONETT,MO,,
,ALBION,MS,,
,BINGHAMPTON,NY,,
,HAVERHILL,MA,,
,HIGHLAND,IL,,
,AUBURN,NY,,
,MOBILE,AL,,
,VERNON,IL,,
,TONAWANDA,NY,,
,MORTON,MS,,
,NOXAPATER,MS,,
,WOODLAWN,TX,,
,MERIDIAN,MS,,
,PARIS,TX,,
,DEMOPOLIS,AL,,
,ANDALUSIA,AL,,
,ABERDEEN,MS,,
,LOCKHART,AL,,
,BELMONT,MS,,
,WESSON,AR,,
,MELVILLE,AR,,
,YORK,PA,,
,MINDEN,LA,,
,WILLIAMSPORT,VA,,
,LYMAN,MS,,
,CLARKSVILLE,AR,,
,CARROLLTON,AL,,
,PRENTICE,AL,,
,TUPELO,MS,,
,SUNFLOWER,AL,,
,BERNICE,LA,,
,EUTAW,AL,,
,JACKSON,MS,,
,ATHENS,LA,,
,GORDO,AL,,
,GEORGETOWN,MS,,
,SHUQUALAK,MS,,
,GLADWATER,TX,,
,BRAINBRIDGE,GA,,
,PICAYUNE,MS,,
,PINE HILL,AL,,
,ELECTRIC MILL,MS,,
,FULTON,AL,,
,READER,AR,,
,SIBLEY,LA,,
,NICHES,TX,,
,WATER VALLEY,MS,,
,CAMDEN,AR,,
,FREDERICKTOWN,MO,,
,GREENVILLE,MO,,
,DAVENPORT,IA,,
,MARSHFIELD,WI,,
,YPSILANTI,MS,,
,STOCKTON,AL,,
,MENDOTA,IL,,
,MISHAWAKA,IN,,
,RACHINE,WI,,
,MILTON,PA,,
,SILICA,MO,,
,HEMATITE,MO,,
,ELMO,MO,,
,HILLSBORO,MO,,
,MARYVILLE,IL,,
,E PALESTINE,OH,,
,MASCOUTAH,IL,,
,E ROCHESTER,NY,,
,MINNAPOLIS,MN,,
,LAFAYETTE,IN,,
,MISHAWAKA,WI,,
,NEWARK,NH,,
,FORT MADISON,IA,,
,CUBA,IL,,
,WALDENBURG,AR,,
,HARRISBURG,AR,,
,OTWELL,AR,,
,WEINER,AR,,
,CHESTERFIELD,MO,,
,CARBONDALE,IL,,
,KANSAS,KS,,
,DORCHESTER,IL,,
,MANION,IL,,
,HARRISSBURG,IL,,
,CHARLESTON,MO,,
,WITT,MO,,
,WAYNESVILLE,MO,,
,STAUNTON,IL,,
,CHAFFEE,MO,,
,CRESCENT,MO,,
,EUREKA,MO,,
,KINDE,MS,,
,ROTHBURY,MS,,
,ROWLESBURG,WV,,
,EATON,CO,,
,WEST CORNWALL,CT,,
,NEWBERRY,SC,,
,AUGUSTA,IL,,
,BLYTHEVILLE,AR,,
,WORCHESTER,MA,,
,HYATTSVILLE,ME,,
,HYATTSVILLE,MD,,
,ST FRANCOIS,MO,,
,SANTA BARBARA,CA,,
,GLASTONBURY,CT,,
,JANESVILLE,WI,,
,ST LOUIS,PA,,
,NEW YORK,NJ,,
,OTTAWA,KS,,
,ST JOSEPH,MS,,
,ROBERTSVILLE,MO,,
,KRAKOW,MO,,
,CHAMPAYNE,IL,,
,VANDALIA,IL,,
,SEATTLE,WA,,
,LOOGOOTEE,IL,,
,SCRANTON,PA,,
,CAMPBELL,MO,,
,CLARKTON,MO,,
,HIGGINSON,AR,,
,SEARCY,AR,,
,MELROSE PARK,IL,,
,STREATER,IL,,
,DANVILLE,IL,,
,KINCAID,IL,,
,LOGANSPORT,IN,,
,FALLON,IL,,
,MORRISON,MO,,
,LINN,MO,,
,BERGER,MO,,
,WASHINGTON,MO,,
,PERSHING,MO,,
,OAK RIDGE,MO,,
,CLINTON,IA,,
,ST LOUIS,MS,,
,PALMYRA,NY,,
,CLEVELAND,MO,,
,KENDALLVILLE,IN,,
,WESTFIELD,MA,,
,TROY,IL,,
,JENNINGS,MO,,
,PINE LAWN,MO,,
,ST MARYS,MO,,
,NEW YORK CTY,NY,,
,ROCKLAND,ME,,
,NIAGRA FALLS,NY,,
,SAN ANTONIO,TX,,
,CREVE COEUR,,,
,TULSA,OK,,
,MOSELLE,MO,,
,STE GENEVIEVE,MO,,
,ALLIANCE,OH,,
,TOMAH,WI,,
,AUBURN,IL,,
,METROPOLIS,IL,,
,ANNAPOLIS,IL,,
,SHELBYVILLE,IN,,
,CAMBRIA,VA,,
,WAYNESBORO,VA,,
,LIVERPOOL,OH,,
,ST BELLEVILLE,IL,,
,CENTRALIA,IL,,
,LEWISTOWN,ID,,
,SANDOVAL,IL,,
,BERWYN,IL,,
,GREENUP,IL,,
,VALIER,IL,,
,ELSBERRY,MO,,
,DIXON,MO,,
,HANCOCK,MO,,
,CROCKER,MO,,
,SACRAMENTO,CA,,
,TONOPAH,NV,,
,RICHMOND HILL,NY,,
,RENO,NV,,
,WINEMUCA,NV,,
,INDIANA,PA,,
,CARSON,NV,,
,SPARKS,NV,,
,AFTON,MO,,
,CARDOVA,IL,,
,BURLINGTON,IA,,
,RICHVIEW CENTRALIA,IL,,
,MOUND,IL,,
,HARVEY,IL,,
,MARION,IL,,
,VIENNA,IL,,
,RICHVIEW,IL,,
,WOLVERINE,MS,,
,POTEAU,OK,,
,BOWLING GREEN,MO,,
,WYNNE,AR,,
,EARL,AR,,
,HULBERT,AR,,
,MARION,AR,,
,LAGRANGE,GA,,
,ST LOUIS,NY,,
,RIDGEWOOD,NJ,,
,ISLAND,NY,,
,CINCINATI,OH,,
,MEXISO,MO,,
,CARROLLTON,MS,,
,DEEMER,MS,,
,WAGAR,AL,,
,BAY SPRINGS,MS,,
,AMORY,MS,,
,BLODGETT,MS,,
,JASPER,AL,,
,DURANT,MS,,
,LOUISVILLE,AL,,
,TISHOMINGO,MS,,
,BEAVERTOB,AL,,
,BRAXTON,MS,,
,LOUISVILLE,MS,,
,STEPEHENSON,MS,,
,FULTON,MS,,
,WALNUT,MS,,
,HACKLEBURG,AL,,
,DERMA,MS,,
,PORTLAND,OR,,
,TALLADEGA,AL,,
,QUINCY,FL,,
,NADAWAH,AL,,
,WILMER,AR,,
,HILLISTER,TX,,
,LAKE CHARLES,LA,,
,,MS,,
,NEW ALBANY,MS,,
,PELAHATCHIE,MS,,
,CARMONA,TX,,
,CENTER,TX,,
,FAYETTE,AL,,
,COFFEEVILLE,MS,,
,KIBLAH,AR,,
,GREENSBORO,AL,,
,SACUL,TX,,
,RED BAY,AL,,
,PIAVE,MS,,
,MIDDLETOWN,OH,,
,VOLDOSTA,GA,,
,CREVE COEUR,MO,,
,PLAINVILLE,IL,,
,SAVERTON,MO,,
,ROCHESTER,MN,,
,LUMBER,,,
,LASALLE,IL,,
,FT ATKINSON,WI,,
,TAMPA,FL,,
,NORMAL,IL,,
,OSKALOOSA,IA,,
,MANIER,IL,,
,FT MADISON,IA,,
,DESMOINES,IA,,
,RED OAK,IA,,
,INDIANEAPOLIS,IN,,
,WYNNBURG,TN,,
,TROY,TN,,
,HORNBREAK,TN,,
,ASHLAND,MA,,
,LINDENHURST,NY,,
,NICHOLASVILLE,KY,,
,CAMP NELSON,KY,,
,LOGANER,KY,,
,PARIS,KY,,
,HARRISBURG,KY,,
,WILMORE,KY,,
,MT CARMEL,IL,,
,ROBINSON,IL,,
,LUXEMBURG,MO,,
,GORDONVILLE,MO,,
,JACKSON,MO,,
,GLENCOE,MO,,
,MONTGOMERY,MO,,
,HARLINGTON,TX,,
,LINCOLN,NE,,
,VANDALIA,MO,,
,FARBER,MO,,
,BARNHART,MO,,
,GREENVILLE,MS,,
,PATTONVILLE,MO,,
,CARLYLE,IL,,
,EDGERTON,WI,,
,MARTHASVILLE,MO,,
,JEFFOERSON,MO,,
,CHESTNUT,MO,,
,NEENSH,WI,,
,SAN FRANCISO,CA,,
,ST NEWARK,NJ,,
,SHELBYVILLE,IL,,
,EVRETT,MA,,
,CINCINNATTI,OH,,
,BRUNSWICK,NJ,,
,RICHMOND HEIGHTS,MO,,
,CANAJOHARIE,NY,,
,LAWTON,OK,,
,MOLINO,MO,,
,THOMPSON,MO,,
,HARRISBURG,PA,,
,BRAZILE,IN,,
,HILLSBORO,IL,,
,ELMHURST,IL,,
,KIRDWOOD,MO,,
,SHENANDOAH,IA,,
,MANCHESTER,MO,,
,FREDERICKSTOWN,MO,,
,ARLINGTON HEIGHTS,IL,,
,BRONSON,MS,,
,WASHINGTON,IN,,
,NORTH BENNINGTON,VT,,
,NORTH MANCHESTER,IN,,
,FINDLAY,OH,,
,PLAINFIELD,NJ,,
,SOUTH MONTROSE,PA,,
,NORRISTOWN,PA,,
,WARREN,PA,,
,DYERSBERG,TN,,
,OKLAHOMA,OK,,
,CRYSTAL FALLS,MS,,
,CHUCAGO,IL,,
,SHERMAN,TX,,
,LAURIUM,MS,,
,HANCOCK,MS,,
,IRON RIVER,MS,,
,ACCORD,MA,,
,EAST BOSTON,MA,,
,WATERTOWN,MA,,
,STOUGHTON,MA,,
,CAMPELLO,MA,,
,NEW YORK,MO,,
,CAMBRIDGE,MA,,
,PEABODY,MA,,
,LONG ISLAND,NY,,
,GIRARD,OH,,
,BROCHTON,MA,,
,NEWBURYPORT,MA,,
,FT COLLINS,CO,,
,O FALLON,IL,,
,ALLIANCE,NE,,
,MADISON,WI,,
,COLLINSVILLE,IL,,
,MIAMI,FL,,
,SAN ANGELO,TX,,
,BECKLEY,WV,,
,FARGO,ND,,
,RED LODGE,MT,,
,DOTHAM,AL,,
,CHARLESTON,SC,,
,FRESNO,CA,,
,FAYETTEVILLE,AR,,
,FT SMITH,AR,,
,WEATHERFORD,TX,,
,BAKERSFIELD,CA,,
,MURFREESBORO,TN,,
,BOISE,ID,,
,WENATCHEE,WA,,
,FAYETTEVILLE,NC,,
,PLAINVIEW,TX,,
,WARSAW,IN,,
,MARIETTA,OH,,
,QUANAH,TX,,
,PHOENIX,AZ,,
,MISSOULA,MT,,
,LA CROSSE,WI,,
,MARYSVILLE,CA,,
,VINCENNES,IN,,
,MINOT,ND,,
,GAINESVILLE,GA,,
,PROVO,UT,,
,WINTERS,TX,,
,MITCHELL,SD,,
,HUTCHINSON,KS,,
,WALLA WALLA,WA,,
,LIMA,OH,,
,ADA,OK,,
,ELDORADO,KS,,
,SAN JOSE,CA,,
,EVERETT,WA,,
,HIAWATHA,KS,,
,TWIN FALLS,ID,,
,FRANKFORT,IN,,
,EL RENO,OK,,
,HASTINGS,NE,,
,WYANDOTTE,MS,,
,MARSHFILED,WI,,
,ASHLAND,KY,,
,MCPHERSON,KS,,
,GUTHRIE,OK,,
,MARION,OH,,
,BISMARK,ND,,
,SHAWNES,OK,,
,LAREDO,TX,,
,DEADWOOD,SD,,
,MONTGOMERY,WV,,
,MCCOMB,MS,,
,HILLSBORO,TX,,
,TERRELL,TX,,
,YORK,NE,,
,LYNCHBURG,VA,,
,LAWRENCE,KS,,
,HELENA,MT,,
,RED BLUFF,CA,,
,ARKANSAS,KS,,
,EUREKA,KS,,
,PONCA,OK,,
,GREENVILLE,SC,,
,FT MORGAN,CO,,
,DEL RIO,TX,,
,ROCKY MOUNT,NC,,
,PITTSBURG,CA,,
,LARAMIE,WY,,
,FT WORTH,TX,,
,CHANUTE,KS,,
,HURON,SD,,
,PITTSBURG,KS,,
,STERLING,CO,,
,POMONA,CA,,
,KEARNEY,NE,,
,TALLAHASSEE,FL,,
,ABERDEEN,SD,,
,LA GRANGE,OR,,
,AMARILLO,TX,,
,BOZEMAN,MT,,
,MUSCATINE,IA,,
,BEACH,FL,,
,UNION,MO,,
,POTOSI,MO,,
,ELVINS,MO,,
,IRONTON,MO,,
,BEAVERDALE,PA,,
,BROCKTON,NY,,
,MIDDLETON,CT,,
,MUNCIE,PA,,
,SALINA,KS,,
,ST PALL,MN,,
,SOMERVILLE,MA,,
,SORINGFIELD,IL,,
,SOUTH NORWALK,CT,,
,RHINELANDER,WI,,
,FORT WORTH,TX,,
,FARMINNGTON,MO,,
,HAMMOND,IN,,
,JAMESVILLE,WI,,
,MUSKOGEE,OK,,
,DALWORTH PARK,TX,,
,ADVANCE,MO,,
,CAPE GINARDEAU,MO,,
,FAIRFIELD,IL,,
,ST CINCINNATI,OH,,
,JEFFERSON BARRACKS,MO,,
,CLINTON,IL,,
,NORTH CHICAGO,IL,,
,ELESBERRY,MO,,
,BROADWAY,WA,,
,EVANSTON,IL,,
,BELDING,MS,,
,WEBSTER GOVES,MO,,
,FORT ATKINSON,WI,,
,ST JAMES,MO,,
,LABADIE,MO,,
,BEAVER FALLS,PA,,
,PASADENA PARK,MO,,
,CICERO,IL,,
,MANCHESTER,NH,,
,DETOROIT,MS,,
,MASSILLON,OH,,
,BOUND BROOK,NJ,,
,SAN FRSNOISCO,CA,,
,HARBOR BEACH,MS,,
,WATERVLIET,NY,,
,CONFLUENCE,PA,,
,TAMAROA,IL,,
,TROY,MO,,
,HAWK POINT,MO,,
,NEW TRUXTON,MO,,
,WARRENTON,MO,,
,MEXICO HARRISON MARSHALTOWN MEXICO WIDYVILLE MEXICO,,,
,LETZVILLE FAIRPORT WILTON FAIRPORT,IA,,
,ROLLO,MO,,
,COLFAX,IA,,
,WALPOLE,MA,,
,INDEPENDENCE,MO,,
,ROXBURY,MA,,
,HUDSON,MS,,
,LONG BEACH,CA,,
,BENTON HARBOR,MS,,
,FORT WAYNE,IN,,
,OLYMPIA,WA,,
,PITTSBURGH,CA,,
,EUGENE,OR,,
,DUQUOIN,IL,,
,JACKSON,MS,,
,OAKS,PA,,
,WESTERVILLE,OH,,
,BERKLEY HEIGHTS,NJ,,
,ELKTON,MD,,
,N ST LOUIS,IL,,
,NORTH WEARE,NH,,
,DELAVERN LAKE,WI,,
,,WA,,
,ROBERTSON,MO,,
,CASTLEWOOD,MO,,
,ANGELES,CA,,
,JENNWOOD,MO,,
,FREEBURG,MO,,
,BELLE,MO,,
,ST PETERS,MO,,
,SMITHBORO,IL,,
,BONHOMME,MO,,
,PHILADELPHA,PA,,
,VICHY,MO,,
,SAFE,MO,,
,CUBA,MO,,
,BRENTWOOD,MO,,
,ARLINGTON,MO,,
,NEWBURG,MO,,
,CHESTER,MO,,
,WARRENSBURG,MO,,
,MOUND,MO,,
,ALHAMBRA,CA,,
,BRDWAY WASHINGTON,WA,,
,MCALLEN,TX,,
,ARNOLD,MO,,
,OTTUMA,IA,,
,CALEDONIA,MO,,
,WRIGHT,MO,,
,UVALDE,TX,,
,MILFORD,MA,,
,HOBOKEN,NJ,,
,OBION,TN,,
,NEW BRITAIN,CT,,
,MECHANICSBURG,PA,,
,NEW MANDRID,MO,,
,WEST PLAINS,MO,,
,HIGH RIDGE,MO,,
,VILLA PARK,IL,,
,ELMHERST,IL,,
,WHEATON,IL,,
,LINDENWOOD,MO,,
,QUINCEY,IL,,
,WEBSTER,IA,,
,ST CLAIR,MO,,
,STEELVILLE,MO,,
,MACHENS,MO,,
,WEST ALTON,MO,,
,NEW BUDEN,IL,,
,,KY,,
,WESTBORO,MA,,
,WATERTOWN,CT,,
,ANDOVER,MA,,
,MORAVIAN FALLS,NC,,
,STANFORD,CT,,
,CEDAR HILL,MO,,
,RED BIRD,MO,,
,OAK HILL,MO,,
,FERN FIDGE,MO,,
,LONG ISLAND,,,
,JEFFERSON BARRACK,MO,,
,SMITHTON,IL,,
,CISCO,IL,,
,MILLSTADT,IL,,
,WATERLOO,IA,,
,WHITESIDE,MO,,
,HAMILTON,IL,,
,MILTON,IN,,
,WOODRIVER,IL,,
,LOS ANGELS,CA,,
,CREVE COUER,MO,,
,ST CHARLES,,,
,STOCK YARDS,IL,,
,ESCANABA,MS,,
,GOWANDA,NY,,
,MEDFORD,OR,,
,NEW LONDON,WI,,
,HAMILTON,OH,,
,ASTORIA,OR,,
,BELOW,WI,,
,MERCED FALLS,CA,,
,NORTH JUDSON,IN,,
,PERU,IL,,
,BLOOMFIELD,IN,,
,CLAREMONT,NH,,
,MADISON,FL,,
,EVERGREEN,AL,,
,MT MORRISON,CO,,
,HAINES,FL,,
,OKLSHOMA,OK,,
,MANITOWOC,WI,,
,CHAMOIS,MO,,
,YONKERS,NY,,
,,NY,,
,GRAND TOWER,IL,,
,WEST ORANGE,NJ,,
,ST PETERSBARG,FL,,
,NORMANDY ST LOUIS,,,
,ALBANY,IN,,
,LEMAY,MO,,
,VAN BUREN,MO,,
,ST GENEVIEVE,MO,,
,ST LOUIS FLAT RIVER,MO,,
,MADISON,IL,,
,U,MO,,
,BALLWIN,MO,,
,MEPLEWOOD,MO,,
,JEFFERSON,MO,,
,EAST ALTON,IL,,
,BLADENSBURG,MD,,
,HAGERSTOWN,MD,,
,ARLINGTON,VA,,
,GLEN BURNIE,MD,,
,LAUREL,MD,,
,MEADE,MD,,
,ODENTON,MD,,
,ANNAPOLIS,MD,,
,WALDORF,MD,,
,ROCKVILLE CENTER,NY,,
,MARLOW HEIGHTS,MD,,
,TAKOMA PARK,MD,,
,CHEVY CHASE,MD,,
,CUMBERLAND,MD,,
,SUITELAND,MD,,
,CORAL HILLS,MD,,
,FREDERICK,MD,,
,COLLEGE PARK,MD,,
,MONTERREY,CA,,
,TOWSON,MD,,
,BERLIN,MD,,
,SILVER SPRING,MD,,
,GANONSBUR,PA,,
,NORTH LIMA,OH,,
,HANCOCK,MD,,
,ROCKVILLE,MD,,
,CLEAR SPRING,MD,,
,DAMASCUS,MD,,
,LAYTONSVILLE,MD,,
,ANNAPLIS,MD,,
,MCKEESPORT,PA,,
,UNIONTOWN,PA,,
,GREENSBURGH,PA,,
,STANFORD,,,
,GARDEN PARK,NY,,
,BEL AIR,MD,,
,OXFORD,PA,,
,RITCHIE,MD,,
,CAMP SPRINGS,MD,,
,OXON HILL,MD,,
,ALEXANDRIA,VA,,
,SILVER HILL,MD,,
,WHEATON,MD,,
,MT RAINER,MD,,
,PORTSMOUTH,VA,,
,LANGLEY PARK,MD,,
,RIVERDALE,MD,,
,SALISBURY,MD,,
,OCEAN,MD,,
,RUMBLEY,MD,,
,PITTSVILLE,MD,,
,CRISFIELD,MD,,
,MILLSBORO,DE,,
,CATONSVILLE,MD,,
,SPARIOUS POINT,MD,,
,VIENNA,VA,,
,FALLS CHURCH,VA,,
,MONTREAL,CA,,
,SPRING GROVE,PA,,
,STAMFROD,,,
,PORTLAND,IN,,
,SEASIDE,CA,,
,L I,NY,,
,MONTEREY,CA,,
,DUNKIRK,IN,,
,RIDGEVILLE,IN,,
,BETHESDA,MD,,
,LEBANON,PA,,
,JAMAICA,NY,,
,ATLANTIC,NJ,,
,CAMBRIDGE,MD,,
,EASTON,MD,,
,BOONE,IA,,
,IRVINGTON,VA,,
,RHODESDALE,MD,,
,RADNOR,PA,,
,MIAMI BEACH,FL,,
,NEW BRITON,,,
,ANNAHEIM,CA,,
,FROSTBURG,MD,,
,ENGLEWOOD,NJ,,
,SKOKIC,IL,,
,NEW RICHMOND,WI,,
,UNION,NJ,,
,NORCROSS,GA,,
,REISTERSTOWN,MD,,
,WHIPPANY,NJ,,
,TEMPLE HILLS,MD,,
,CHAMBLEE,GA,,
,DERWOOD,MD,,
,PLEASANTVILLE,NY,,
,BOULDER,CO,,
,MT RAINIER,MD,,
,GAITHERSBURG,MD,,
,CLARKSBURG,MD,,
,OLNEY,MD,,
,MIDDLEBROOK,MD,,
,SANDY SPRING,MD,,
,WILLARDS,MD,,
,WHITE HALL,MD,,
,JARRETTSVILLE,MD,,
,,MD,,
,PHOENIX,MD,,
,RANDOLLSTOWN,MD,,
,DELTA,PA,,
,HAZELTON,PA,,
,LANDOVER,MD,,
,BRANDYWINE,MD,,
,BRENTWOOD,MD,,
,BURLEY,ID,,
,CLARKS SUMMIT,PA,,
,CHEVERLY,MD,,
,BLOOMFIELD,NJ,,
,ONTARIO,OR,,
,ELKRIDGE,MD,,
,W HYATTSVILLE,MD,,
,UPPER MARLBORO,MD,,
,WAYNESBORO,PA,,
,DARNESTOWN,MD,,
,STRATFORD,CT,,
,MOUNT RAINIER,MD,,
,FRANKLIN,WV,,
,GREENBORO,MD,,
,SEAFORD,DE,,
,WATERFORD,CT,,
,ENGLEWOOD CLIFFS,NJ,,
,SELBYVILLE,DE,,
,HARRINGTON,DE,,
,QUEENSTOWN,MD,,
,ABERDEEN,MD,,
,JENKINTOWN,PA,,
,LONDON,,,
,BEAUFORT,SC,,
,ROANOKE,VA,,
,CAPITOL HEIGHTS,MD,,
,TYASKIN,MD,,
,HEBRON,MD,,
,FRUITLAND,MD,,
,FEDERALSBURG,MD,,
,GEORGETOWN,DE,,
,SPARROWS PONIT,MD,,
,COCKEYSVILLE,,,
,PARKVILLE,,,
,PASADENA,MD,,
,STEVENSON,MD,,
,GLEN ARM,MD,,
,SAVERNA PARK,MD,,
,OXEN HILL,MD,,
,SUITLAND,MD,,
,WARRENTON,VA,,
,KENSINGTON,MD,,
,MINNEAPLIS,MN,,
,BELTSVILLE,MD,,
,SEAT PLEASANT,MD,,
,MERRIFIELD,VA,,
,CREWE,VA,,
,MILFORD,DE,,
,FREDERICKBURG,MD,,
,VENICE,CA,,
,DENTON,MD,,
,GASTONIA,NC,,
,SUNSET BEACH,MD,,
,PIEDMONT,WV,,
,WESTERNPORT,MD,,
,KEYSER,WV,,
,HIGHVIEW,WV,,
,GORE,VA,,
,BRONX,NY,,
,SPRING,PA,,
,PASSIAC,NJ,,
,DUNDALK,MD,,
,BALITMORE,MD,,
,BROOKLYN,MD,,
,SCAGGSVILLE,MD,,
,REVERE,MA,,
,DARLINGTON,MD,,
,SPRINGFIELD,VA,,
,FAIRFAX,MD,,
,PULASKI,VA,,
,ROSSLYN,VA,,
,ALGONA,IA,,
,ELLICOTT,MD,,
,EAGLE GROVE,IA,,
,MAUGANSVILLE,MD,,
,CLEARSPRING,MD,,
,ST MARY S,MD,,
,CALLAO,VA,,
,CHAMBERSBURG,PA,,
,WILLIAMSPORT,MD,,
,LANHAM,MD,,
,LANDOVER HILLS,MD,,
,SPRINGHOUSE,PA,,
,STAUNTON,VA,,
,GARDEN,NY,,
,CHICAGO,MD,,
,HYATSSVILLE,MD,,
,PATUCKET,RI,,
,WILLOW GROVE,PA,,
,NORTH GLEN BURNIE,MD,,
,SUNDERSVILLE,MD,,
,ODESSA,DE,,
,GALENA,MD,,
,MIDDLETOWN,DE,,
,MILLINGTON,MD,,
,MCLEAN,VA,,
,GREENCASTLE,IN,,
,WHEATON PLAZA,MD,,
,PHONEXVILLE,PA,,
,UPPER DARBY,PA,,
,LANSDOWNE,PA,,
,HOVERTOWN,PA,,
,BALA CYNWYD,PA,,
,LAKE WORTH,FL,,
,RALEIGH,NC,,
,BEVERLY HILLS,CA,,
,ALEX,VA,,
,CLINTON,MD,,
,CAMP HILL,PA,,
,WHITE MARSH,MD,,
,TIMONIUM,MD,,
,BISHOP,MD,,
,COMO,NC,,
,SHOWELL,MD,,
,DELMAR,DE,,
,LAUREL,DE,,
,NEWFIELD,NJ,,
,DAGSBORO,DE,,
,PRINCESS ANNE,MD,,
,VINELAND,NJ,,
,SNOW HILL,MD,,
,THURMONT,MD,,
,NORTH BERGEN,NJ,,
,NAZARETH,PA,,
,BOULEVARD,LA,,
,SANTA ANA,CA,,
,BEDFORD,OH,,
,ANAHEIM,CA,,
,SALEM,MA,,
,PINTO,MD,,
,BARRINGTON,IL,,
,HARRISON,MD,,
,JOHNSTOWN,PA,,
,HAVERSHILL,MA,,
,NEW ROCHELLE,NY,,
,MILLERSBURG,PA,,
,PARAGOULD,AK,,
,HIGGINSVILLE,MO,,
,DOLGEVILLE,NY,,
,WHITE PLNS,NJ,,
,HARTFORD,,,
,NORWALK,,,
,ITHICA,NY,,
,FAIR LAWN,NJ,,
,KANSAS,MS,,
,RAMSEY,NJ,,
,ROSLYN,NY,,
,CIBOLO,TX,,
,PENSICOLA,FL,,
,SAN MARCOS,TX,,
,PENSACOLA,FL,,
,WIMBERLY,TX,,
,WILSTON,NC,,
,ST ANN,MO,,
,LANDOWER,MD,,
,LAUSON,MD,,
,LUTHERVILLE,MD,,
,BUTLER,MD,,
,ROSLYN,VA,,
,NEW BEDFORD,MA,,
,LARCHMONT,NY,,
,SAN BRUNO,CA,,
,SOUTH CAIRO,NY,,
,HICKSVILLE,NY,,
,EAST NEWARK,NJ,,
,PECKVILLE,PA,,
,SHADY SIDE,MD,,
,CHESTER,NY,,
,NEWTONVILLE,MA,,
,KEYPORT,NJ,,
,NEW HYDE PARK,NY,,
,LITTLETON,NH,,
,NORTH KANSAS,MO,,
,PLAINVIEW,NY,,
,NEW BRADFORD,MA,,
,GLEN BURNIE,MD,,
,TUXEDO,MD,,
,MT VERNON,NY,,
,DE PLAINES,IL,,
,OSHKOSK,NE,,
,MILFORD,,,
,HUNTINGTON,IN,,
,BRIDGETON,MO,,
,GREAT NECK,NY,,
,LOGANPORT,IN,,
,GLENDALE,CA,,
,MINEOLA,NY,,
,SAN DIEGO,CA,,
,EDGEWATER,MD,,
,SHREWSBURY,MA,,
,BEDFORD,VA,,
,BRIDGEPORT,,,
,NORWOOD,NJ,,
,MYSTIC,,,
,NORTH ADAMS,MA,,
,SHOKIE,IL,,
,WINSTON SALEM,NC,,
,MENLO PARK,NJ,,
,MAULDIN,SC,,
,ARBUTUS,MD,,
,CHEYENNE,WY,,
,SANTA ANNA,CA,,
,SMYRNA,DE,,
,NEWARK,DE,,
,DOVER,DE,,
,GLASGOW,DE,,
,EARLEVILLE,MD,,
,SOMERSET,PA,,
,PAULSBORO,NJ,,
,QUANTICO,VA,,
,FT LAUDERDALE,FL,,
,CARDEROCK,MD,,
,TAKOMA PK,MD,,
,TUSCON,AZ,,
,JERSEY,NY,,
,HIGHTSTOWN,NJ,,
,BELLEVILLE,NJ,,
,ENNIS,TX,,
,GLEN COVE,NY,,
,WOODBRIDGE,VA,,
,LINTHICUM HEIGHTS,MD,,
,SYKESVILLE,MD,,
,LANSDOWNE,MD,,
,ST CLOUD,MN,,
,BERGENFIELD,NJ,,
,STATE LINE,PA,,
,PIKESVILLE,MD,,
,ELLICOTT,,,
,TULSA,OH,,
,CHARLESTON,WV,,
,EASTOVER,MD,,
,SILVER SPRING WASHINGTON,,,
,MEDLAND,MD,,
,HONOLULU,HI,,
,PHILDAELPHIA,PA,,
,SILVER SPRING,DC,,
,COLMAR MANOR,MD,,
,BLADENS,MD,,
,GLENARM,MD,,
,HOLLYWOOD,FL,,
,PHILA,PA,,
,NEENAH,WI,,
,HILLSIDE,NJ,,
,ST JAMES,MD,,
,BOONSBORO,MD,,
,SHARPSBURG,MD,,
,FAIRPLAY,MD,,
,MYERSVILLE,MD,,
,SMITHSBURG,MD,,
,BREATHEDSVILLE,MD,,
,NEW HOLLAND,PA,,
,ACCOKEEK,MD,,
,WARWICK,RI,,
,STAMFORD,CT,,
,HILLANDALE,MD,,
,TRAPPE,MD,,
,PRESTON,MD,,
,CAMBRIDGE,NY,,
,STRASBURG,VA,,
,SYKESVILLE,PA,,
,WISCONSIN RAPIDS,WI,,
,PENN S GROVE,NJ,,
,GLASSMANOR,MD,,
,GAMBRILL,MD,,
,BLUEFIELD,WV,,
,PURCELLVILLE,MD,,
,BALA CYNWD,PA,,
,HALETHORPE,MD,,
,NORTH LINTHICUM,MD,,
,SIMPSONVILLE,MD,,
,OWINGS MILLS,MD,,
,BOONTON,NJ,,
,JERSEY,NJ,,
,CLARKSBURG,WV,,
,DECATUR,GA,,
,PARAMUS,NJ,,
,BELLMORE,NY,,
,GLASSPORT,PA,,
,ALLENTOWN,PA,,
,FAIRFIELD,IA,,
,SPRINGFIELD,NJ,,
,LINDEN,NJ,,
,GLENS FALLS,NY,,
,MORTON GROVE,IL,,
,BERKELEY HEIGHTS,NJ,,
,SAINT MARY S,PA,,
,SAN CARLO,CA,,
,KANSAS,KS,,
,,VA,,
,COUNCIL BLUFFS,IA,,
,GARDEN,NY,,
,SANDWICH,IL,,
,ORANGE,NJ,,
,MASPETH,NY,,
,WESTBURY,NY,,
,BURTONSVILLE,MD,,
,ANN ARBOR,MS,,
,KEY WEST,FL,,
,TOTOWA BORO,NY,,
,CHARLOTTESVILLE,VA,,
,GERMANTOWN,MD,,
,ELM,NC,,
,MENLO PARK,CA,,
,SKOKIE,IL,,
,SO NORWALK,CT,,
,FORT MYERS,FL,,
,EAGLESVILLE,PA,,
,HONCOYE FALLS,NY,,
,AUGUSTA,GA,,
,ALBANY,NY,,
,DOYLESTOWN,PA,,
,LODI,NJ,,
,MAYNARD,MA,,
,GLENDORA,CA,,
,LEONARDTOWN,MD,,
,N KINGSTOWN,RI,,
,LEXINGTON PARK,MD,,
,WESTGATE,MD,,
,S W GLEN BURNIE,MD,,
,GREENBELT,MD,,
,FT GEORGE G MEADE,MD,,
,,DC,,
,CAPITAL HEIGHTS,MD,,
,HAVRE DE GRACE,MD,,
,QUINCY,PA,,
,TOWSEND,MA,,
,HIGH POINT,NC,,
,LEWIS,DE,,
,TUCSON,AZ,,
,SALT LAKE,UT,,
,ARLINGTON,,,
,BALA CYNWYD,PA,,
,SPALDING HEIGHTS,MD,,
,MOSPETH,NY,,
,ARLINGTON,TX,,
,MONTICELLO,IL,,
,LATONSVILLE,MD,,
,WILLIMANTIC,CT,,
,MIFFINGTOWN,PA,,
,POINT PLEASANT,WV,,
,NEW HAVEN,WV,,
,RIPLEY,WV,,
,GOLLIPOLIS,OH,,
,SPARKS,MD,,
,POMEROY,OH,,
,LETARD,WV,,
,FAIRFAX,VA,,
,SIOUX,IA,,
,OKLAHOMA,OK,,
,FORT MONMOUTH,NJ,,
,ROSEDALE,MD,,
,GREENCASTLE,PA,,
,RIDGELY,MD,,
,HILLSBORO,MD,,
,RIDGLEY,MD,,
,PENNSAUKEN,NJ,,
,ADELPHI,MD,,
,SPENCERVILLE,MD,,
,SEABROOK,MD,,
,WASHINGTON,,,
,CHILLUM,MD,,
,CHURCHVILLE,MD,,
,WOODSBORO,MD,,
,KINGSVILLE,MD,,
,CARDIFF,MD,,
,BATLIMORE,MD,,
,COLESVILLE,MD,,
,FAIRLAND,MD,,
,ELIZABETH,NC,,
,DISTRICT HEIGHTS,MD,,
,GLASS MANOR,MD,,
,OAKMONT,PA,,
,FARMINGDALE,NY,,
,NORTH MIAMI BEACH,FL,,
,CLARKSVILLE,MD,,
,MARION,MD,,
,POCOMOKE,MD,,
,BRIDGEVILLE,DE,,
,ELLICOTT,MD,,
,SAN MATEO,CA,,
,WEIRTON,WV,,
,PRINCE FREDERICK,MD,,
,SOLOMONS,MD,,
,MILLERSVILLE,MD,,
,CHESAPEAKE BEACH,MD,,
,BUSHWOOD,MD,,
,WALDROF,MD,,
,ASHEBORO,NC,,
,RIDGE,MD,,
,STEVENSVILLE,MD,,
,GREENSBORO,MD,,
,SUDLERSVILLE,MD,,
,WYNWOOD,PA,,
,WESTMINSTER,MD,,
,OWING MILLS,MD,,
,WILTON,ME,,
,PHILADELPHIA,MD,,
,AUBURNDALE,FL,,
,STERLING,NJ,,
,KOPKINTOWN,MA,,
,BROOKLYN,NJ,,
,BELAIR,MD,,
,ESCONDIDO,CA,,
,BROOKLYN,VT,,
,MELVINDALE,MS,,
,ROCHESTOR,NY,,
,NORTH WALES,PA,,
,WEST CHICAGO,IL,,
,ENCINITAS,CA,,
,WILKESBARRE,PA,,
,PERRY HALL,MD,,
,NEWARK,CA,,
,SAN LORENZO,CA,,
,SAN LEANDRO,CA,,
,FREMONT,CA,,
,SAVAGE,MD,,
,FREEMONT,CA,,
,EXTON,PA,,
,BROOKLYN,,,
,NEW KNOXVILLE,OH,,
,HUNTINGTON PARK,CA,,
,SCHEBOGAN,WI,,
,HOPKINGTON,MA,,
,BARABO,WI,,
,BLOOMINGTON,,,
,HYNDMAN,PA,,
,MARLOWE HGTS,MD,,
,GREENMOUNT,MD,,
,TERRE HANTE,IN,,
,OLD FORGE,PA,,
,EDGEWOOD,MD,,
,HARVE DE GRACE,MD,,
,LAKE BLUFF,IL,,
,CUYAHOGA FALLS,OH,,
,BRANCHVILLE,MD,,
,SKYESVILLE,MD,,
,MT HOLLY,NJ,,
,MOUNT HOLLY,NJ,,
,BROWNS MILLS,NJ,,
,MILENDALE,MD,,
,ROME,GA,,
,WEST HYATTSVILLE,MD,,
,WHITE PLAINS,NY,,
,BALTIMORE,,,
,FOREST HILLS,NY,,
,LOS ANGELAS,CA,,
,AMITYVILLE,NY,,
,TORRANCE,CA,,
,CARTERET,NJ,,
,MAPLE LAKE,MN,,
,FREDERICK,OK,,
,FLUSHING,NY,,
,INWOOD LONG ISLAND,NY,,
,CORAL GABLES,FL,,
,HACKENSACK,NJ,,
,GLENDALE,NY,,
,CRANSTON,RI,,
,OWOSSO,MS,,
,MOUNT CLEMENS,MS,,
,MILLVILLE,NJ,,
,ALLIANE,OH,,
,CULVER,CA,,
,BAYSIDE,NY,,
,WEST YAMONTH,MA,,
,NEEDHAM HEIGHTS,MA,,
,BALOCYNWYD,PA,,
,NY,NY,,
,REGO PARK,NY,,
,RESITERSTOWN,MD,,
,MANASSAS,VA,,
,COLUMBIA,MS,,
,STAMFORD,,,
,RANDALLSTOWN,MD,,
,POTOMAC,MD,,
,THOUSAND OAKS,CA,,
,QUINCY,MA,,
,RANSON,WV,,
,CHARLES,WV,,
,GETTYSBURG,PA,,
,BOYCE,VA,,
,BOWIE,MD,,
,CHESTER,VA,,
,RIPPON,WV,,
,MONT CO,MD,,
,BELLAIRE,TX,,
,NEWPORT,CA,,
,DES PLAINES,IL,,
,GROVE,IL,,
,JESSUP,MD,,
,FREELAND,MS,,
,OAK LAWN,IL,,
,ISLAND,IL,,
,NEW CARROLLTON,MD,,
,HILLCREST HEIGHTS,MD,,
,FAIRMOUNT HEIGHTS,MD,,
,WESTFIELD,NJ,,
,ATHENS,OH,,
,HILLENDALE,MD,,
,WELLSBORO,PA,,
,SAYRE,PA,,
,WHITNEYVILLE,PA,,
,LIBERTY,PA,,
,MANSFIELD,PA,,
,WILKES BARRE,PA,,
,RUSH,NY,,
,DALLAS,PA,,
,PLEASANTVILLE,PA,,
,SEVERNA PARK,MD,,
,HAMPTON,MD,,
,LANDSDOWNE,PA,,
,COCKEYSVILLE,MD,,
,MT AIRY,MD,,
,POTTSVILLE,PA,,
,ROMNEY,WV,,
,FALLSTON,MD,,
,FOREST HILL,MD,,
,LINWOOD,NJ,,
,ANNANDALE,VA,,
,DENTON,TX,,
,HYDES,MD,,
,BLUE RIDGE SUMMIT,PA,,
,WAKEFIELD,MA,,
,BATESVILLE,IN,,
,NAPOLEON,IN,,
,OSGOOD,IN,,
,TALMAGE,PA,,
,ANNISTON,AL,,
,FT MCCLELLAN,AL,,
,SHAWNEE MISSION,KS,,
,WOODLAWN,MD,,
,COTTAGE,MD,,
,,FL,,
,OGDEN,UT,,
,PLEASANTVILLE,NJ,,
,BERWYN HEIGHTS,MD,,
,VENTNOR,NJ,,
,FT MEADE,MD,,
,PARKVILLE,MD,,
,BAILEYS CROSSROADS,VA,,
,MARLOWE HEIGHTS,MD,,
,WARREN,MS,,
,WILDWOOD,NJ,,
,HUNTINGDON,WV,,
,ANDREWS AIR FORCE BASE,MD,,
,CROWNSVILLE,MD,,
,W HEMPSTEAD,NY,,
,VALLEY STREAM,NY,,
,LEBANON,NY,,
,CAPE MAY,NJ,,
,MADISON,IN,,
,GRANBY,CO,,
,EDGEMERE,MD,,
,ESSEX,MD,,
,OWINGS MILL,MD,,
,REHOBETH,DE,,
,FENWICK ISLAND,DE,,
,SAVANNAH,GA,,
,GROSS RDS,VA,,
,BALA CYNWAD,PA,,
,PARKERSBURG,WV,,
,BELPRE,OH,,
,GRANDLAKE,CO,,
,WINTER PARK,CO,,
,NAPA,CA,,
,COLORADO SPRINGS,CO,,
,RIVERSIDE,NJ,,
,REDWOOD,CA,,
,LIBERTY,NY,,
,TOWNSEND,MA,,
,PALATINE,IL,,
,LAVALE,MD,,
,FITTSBERG,MA,,
,SOUTHHAMPTON,PA,,
,KEYPORT,NY,,
,GOVERNORS ISLAND,NY,,
,BROOKEVILLE,MD,,
,SHAWNEE,MS,,
,FORT MEADE,MD,,
,FINKSBURG,MD,,
,WOODBINE,MD,,
,ARDMORE,PA,,
,BIRMINGHAM,MS,,
,PELHAM MANOR,NY,,
,CLIFTON,NJ,,
,JUPITER,FL,,
,BEVERLY BEACH,MD,,
,WOODLAND BEACH,MD,,
,LYNCHBERG,VA,,
,GRASONVILLE,MD,,
,POMPANO BEACH,FL,,
,WEST SPRINGFIELD,MA,,
,GARDENER,MA,,
,DEARBORN,MS,,
,STEGER,IL,,
,DALTON,IL,,
,NORTHBROOK,IL,,
,FLORENCE,SC,,
,SARANAC LAKE,NY,,
,W CONCORD,MA,,
,MORRISTOWN,NJ,,
,EDINA,MN,,
,DANBURY,,,
,MD,OH,,
,LAS VEGAS,NV,,
,NEWPORT NEWS,VA,,
,SANTA CLARA,CA,,
,POCONO MANOR,PA,,
,KENT,WA,,
,CHICOPEE,MA,,
,COLUMBIA,MD,,
,BIDDERVILLE,PA,,
,CHESTERTOWN,MD,,
,BALA CYNWOOD,PA,,
,HAMPTON,VA,,
,CHARLESTOWN,WV,,
,SHERMAN OAKS,CA,,
,JOPPA,MD,,
,MILLBURN,NJ,,
,BUENA PARK,CA,,
,STATION,NY,,
,SALISBURY MALL,MD,,
,PRINCETON JUNCTION,NJ,,
,NORWALK,CA,,
,FULLERTON,CA,,
,COSTA MESA,CA,,
,MITCHELLVILLE,MD,,
,TERRA HAU,IN,,
,OKLA,OK,,
,PERTH AMBOY,NJ,,
,PORT WASHINGTON,NY,,
,PLEASENTVILLE,NY,,
,TOWSON PLAZA,MD,,
,SERVERNA PARK,MD,,
,FAIRFIELD,NJ,,
,TANEYTOWN,MD,,
,ELLIOTT,MD,,
,ROCKY MOUNTAIN,NC,,
,BARTLESVILLE,OK,,
,GROVEPORT,OH,,
,WEST PALM BEACH,FL,,
,ANDREWS AFB,MD,,
,ISHPEMING,MS,,
,MARQUETTE,MS,,
,RAMEY AFB,,,
,PLEASENTVILLE,NJ,,
,VIENNA,,,
,RESITERTOWN,MD,,
,RUSTON,LA,,
,TALLULAH,LA,,
,ROCK SPRINGS,WY,,
,BAILEYS CROSSROAD,VA,,
,RISING SUN,MD,,
,MARLBORO,MD,,
,TERRE HAUTER,IN,,
,ROCKVILLE CENTRE,NY,,
,OLEAN,NY,,
,ALLEGHENEY,NY,,
,ASBURY PARK,NJ,,
,LINTHICUM HGTS,MD,,
,DIST HTS,MD,,
,CHIEVY CHASE,MD,,
,LAPLATA,MD,,
,N MIAMI BEACH,FL,,
,BEACON,NY,,
,EDISON,NJ,,
,BRIDGEWATER,MA,,
,WILTON,NH,,
,LAWRENCE,MA,,
,NANTICOKE,PA,,
,RED LION,PA,,
,CHARLESTOWN,MA,,
,CENTREDALE,RI,,
,WILMINGTON,MA,,
,SOUTH HADLEY,MA,,
,MIDDLETOWN,MA,,
,CARLSTADT,NJ,,
,WALNUT CREEK,CA,,
,MOOREFIELD,WV,,
,RAINIER,MD,,
,RIVERSIDE,CA,,
,RUTHERFORD,NJ,,
,WASHINGTON GROVE,MD,,
,LITTLE FERRY,NJ,,
,PLYMOUTH MEETING,PA,,
,LOS ANGELES,LA,,
,BALACYNWYD,PA,,
,RIVERALE,MD,,
,SKOWHEGAN,ME,,
,WATERVILLE,ME,,
,FARMINGTON,ME,,
,CHERRYVILLE,NC,,
,CHATSWORTH,GA,,
,KENILWORTH,NJ,,
,ADELPHIA,MD,,
,WHITE OAK,MD,,
,GREAT MILLS,MD,,
,GATEWAY,MD,,
,SADDLE RIVER,NJ,,
,FT MONMOUTH,NJ,,
,FT SILL,OK,,
,PINEY POINT,MD,,
,HUGHESVILLE,MD,,
,HERNDON,VA,,
,CENTREVILLE,VA,,
,BETTSVILLE,MD,,
,DELMAR,MD,,
,WESTMINISTER,MD,,
,MAMARONECK,NY,,
,ORLANDO,FL,,
,NORTH RIVER,NY,,
,BARTESVILLE,OK,,
,LA PLATA,MD,,
,WASHINGTON,CT,,
,MIDDLEBURY,CT,,
,WOLCOOT,CT,,
,ATHENS,WV,,
,PRINCETON,WV,,
,NEW MILFORD,CT,,
,MERIDEN,CT,,
,SOUTHBURY,CT,,
,NITRO,WV,,
,HARTSDALE,NY,,
,ABERDEEN PROVING GROUND,MD,,
,POTSVILLE,PA,,
,HAVRE DEGRACE,MD,,
,PASEDENA,CA,,
,ALAMADA,CA,,
,PASADENA,CA,,
,LANGLY PARK,MD,,
,N BERGEN,NJ,,
,ARNOLD,MD,,
,GRANSONVILLE,MD,,
,CENTREVILLE,MD,,
,HUNTINGDON VALLEY,PA,,
,CHESTER,MD,,
,FORESTVILLE,MD,,
,ALDERSON,WV,,
,DELAWARE,DE,,
,MT SAVAGE,MD,,
,MAPLE GLEN,PA,,
,BRISTOL,PA,,
,SOUDERTON,PA,,
,LANDSDALE,PA,,
,OAKLAND,MD,,
,ELKINS,WV,,
,PINE GROVE,PA,,
,LITTLESTOWN,PA,,
,NEWBURG PARK,CO,,
,SANTA MONICA,CA,,
,TERRA HAUTE,IN,,
,PORT DEPOSIT,MD,,
,NOTTINGHAM,PA,,
,WEST NYACK,NY,,
,MILLFORD,DE,,
,VIRGINIA BEACH,VA,,
,TRIANGLE,VA,,
,HELIFAX,PA,,
,MANSFIELD,MO,,
,ELMSFORD,NY,,
,NEW YORK,CA,,
,GRANTSVILLE,MD,,
,NEW CARLISLE,OH,,
,TYSONS CORNER,VA,,
,BALA CYNWD,MD,,
,COMPTON,CA,,
,GLENBROOK,CT,,
,MOONACHIE,NJ,,
,HAUPPAUGE,NY,,
,CALGARY,,,
,NEW HYDE PK,NY,,
,NORTH CAMDON,OH,,
,WAYNE,NJ,,
,SUN VALLEY,CA,,
,CARSON,CA,,
,WESTVILLE,NJ,,
,WOODSIDE,NY,,
,EVANSON,IL,,
,HARFORD,CT,,
,CHARLESTOWN,MD,,
,DEVON,PA,,
,GLENSIDE,PA,,
,LEWISTON,ME,,
,NORTHEAST,MD,,
,AVONDALE,PA,,
,WILMINGTON,PA,,
,VENICE,FL,,
,HAVERTOWN,PA,,
,LYNBROOK,NJ,,
,RE,MD,,
,STOCKTON,CA,,
,SAN BERNARDINO,CA,,
,KNOX,IN,,
,KENTLAND,CA,,
,SALISBURY,NC,,
,MONTEBELLO,CA,,
,CHILLI COTH,OH,,
,AMBOY,NJ,,
,INDIAN HEAD,MD,,
,CHESTER,PA,,
,WESTMINSTER,,,
,SILVER SPRING,,,
,FILTON,DE,,
,GOLDSLORD,MD,,
,CLAYTON,DE,,
,WOODSIDE,DE,,
,GOLDSBORO,MD,,
,PAOLI,PA,,
,NEW WINDSOR,MD,,
,NEW WINDSOR,DC,,
,NEW CANAAN,CT,,
,PHOENIXVILLE,PA,,
,WEST CHESTER,PA,,
,DEVAULT,PA,,
,GERMANTOWN,PA,,
,POCOMOKE,MD,,
,HAMPSTEAD,MD,,
,WEST LAFAYETTE,OH,,
,WILMINGTON,MD,,
,CHARLEROI,PA,,
,HAMBURG,PA,,
,DOVER,MD,,
,UNION BRIDGE,MD,,
,KEYMAR,MD,,
,MIDDLEBURG,MD,,
,SEVERN,MD,,
,WOODSTOCK,VA,,
,HURLOCK,MD,,
,ROSLYN,MD,,
,BERWYN,MD,,
,WINNEKTA,IL,,
,ROOKFORD,IL,,
,ROYAL OAK,MS,,
,WAWINGTON,DC,,
,HOLLYWOOD,CA,,
,STRASBURY,VA,,
,EAST NEW MARKET,MD,,
,UNION MILLS,MD,,
,SILVER RUN,MD,,
,GALESBURG,IL,,
,TAKOMA PARK,DC,,
,WHALEYVILLE,MD,,
,ST MARTINS,MD,,
,BURLINGTON,NJ,,
,SUFFOLK,VA,,
,GRIFFIN,GA,,
,,PA,,
,NEW YORK,,,
,WESTOVER,MD,,
,CLIFTON HEIGHTS,PA,,
,JOHNSON,NY,,
,NAUGATUCK,CT,,
,WEATHERLY,PA,,
,SHELBY,OH,,
,PARSONSBURG,MD,,
,MARYDEL,MD,,
,CANOJAHORIE,NY,,
,NYC,,,
,EASTON,PA,,
,BANGOR,ME,,
,LYONS,NJ,,
,SUNMOUNT,NY,,
,LAKE,FL,,
,ST PAIL,MN,,
,CATONSVILLE,,,
,GIRDLETREE,MD,,
,MILLERS ISLAND,MD,,
,POTTSTOWN,PA,,
,ARILINGTON,VA,,
,GLEN ECHO,MD,,
,GLYNDON,MD,,
,WINFIELD,MD,,
,GAMBER,MD,,
,MANCHESTER,MD,,
,BLYDNDON,MD,,
,UPPERCO,MD,,
,CEDARHURST,MD,,
,HAMSTEAD,MD,,
,FOWBLESBURG,MD,,
,NEW MIDWAY,MD,,
,MCCONNELLSBURG,PA,,
,LUKE,MD,,
,MARTINSBURG,WV,,
,HOUSTONTOWN,PA,,
,FAIRPORT,NY,,
,ALBION,NY,,
,ST CHARLES,IL,,
,YORK HARBOR,ME,,
,WATCH HILL,RI,,
,MEDFORD,MD,,
,CH,MD,,
,HADDON HEIGHTS,NJ,,
,RIDGERFIELD,NJ,,
,HARRISON,NJ,,
,LIME KILN,MD,,
,FREMONT,MS,,
,BALTI MORE,MD,,
,JOHNSTOWN,NY,,
,WADSWORTH,OH,,
,AUSTIN,MS,,
,BALTMORE,MD,,
,MEADOWS,MD,,
,HYATTAVILLE,MD,,
,CLARENDON,VA,,
,RIDERWOOD,MD,,
,MCDONOUGH,MD,,
,HUNTINGTON,WV,,
,EMMITSBURG,MD,,
,WILLIAMSBURG,MD,,
,SHELTON,CT,,
,SENECA FALLS,NY,,
,CHICAGO,IL,,
,GARDNER,MA,,
,SALAMANCA,NY,,
,BALTIMORE,NY,,
,TOWNSON,MD,,
,JACKSONVILLE,MD,,
,SILVER SPRINGS,MD,,
,MYERSDALE,PA,,
,PETERSBURG,FL,,
,PALISADES PARK,NJ,,
,EAST PINES,MD,,
,VIENNA,MD,,
,BELHAVEN,VA,,
,COSTON,MD,,
,MANOKIN,MD,,
,EDEN,MD,,
,WOODLAWN HEIGHTS,MD,,
,DALLASTOWN,PA,,
,WASHINGTON,,,
,GLENN ALLEN,VA,,
,RICHMOND,MD,,
,BERWICK,PA,,
,WILKES BARRE,PA,,
,EDENTON,NC,,
,KINGSTON,PA,,
,RIPON,WI,,
,EASTPORT,MD,,
,FAIRMONT,WV,,
,MOORHEAD,MN,,
,SOUTH GATE,CA,,
,STAYSBURG,VA,,
,BRYAN,OH,,
,NORTH CANTON,OH,,
,CROFTON,MD,,
,RIVIERA,MD,,
,HUNTINGTON STATION,NY,,
,HOLBROOK,NY,,
,LOSANGELES,CA,,
,DINNER,CO,,
,OKLEHOMA,OK,,
,RED BANK,NJ,,
,HAGERTOWN,MD,,
,TEANECK,NJ,,
,PAXTANG,PA,,
,FORT WASHINGTON,NY,,
,MT RANIER,MD,,
,LAKE SUCCESS,NY,,
,IRVING,TX,,
,MIDDLETOWN,MD,,
,HILLSBORO,IN,,
,LA MESA,CA,,
,WABURN,MA,,
,JACKSONVILLE,NC,,
,WESCOESVILLE,PA,,
,BUTTESVILLE,OK,,
,LAWRENCEVILLE,VA,,
,BEAR,DE,,
,BRAZIL,IN,,
,BRIDGEPORT,OH,,
,RIDGEWAY,VA,,
,MARIETTA,GA,,
,CLINTON,NJ,,
,ROSEMONT,IL,,
,GREENSBORO,SC,,
,HEBRON,OH,,
,MAYODAN,NC,,
,MARTINSVILLE,VA,,
,PHILLIPSBURG,NJ,,
,AMELIA,VA,,
,SCHAUMBERG,IL,,
,BELLEVUE,NE,,
,,CA,,
,OZONE PARK,NY,,
,HARMANS,MD,,
,MANHASSET,NY,,
